ID,Class
fRGWEv9TLIUOnhj0YV35,1
fRLS3aKkijp4GH0Ds6Pv,1
fRTmEnxQVBYjkUZ0C3t4,1
FrWpo1U80Ou9H3dlcq6x,1
FRyc0EQLMsbCmvYplidA,1
fs9oYJKeZ4BzXSlIWy3E,1
ftHnLEAd5NPxpiybvqaY,1
fTWrspAEHwnNFdCh57oV,1
fug584IGjQdWTSY3pke2,1
FURh5Tif1jXCzZGqlHyN,1
fuso63yW7wAXO20gJIBS,1
fuwAE7WyhXbHInmlgxZa,1
FVmO980BKzIHYiGUscDx,1
fvpU1xlo92RqnLyJkDAS,1
fvTz3rSPVQJGelO49Rn0,1
fVvJS4yEYIobqw1LHO6F,1
fwC3QFVbKxvhS02mnTWe,1
FWdX4sHo6lDgZBzGKymf,1
Fx7OEUwu1anTG8bQhqc0,1
fy0va8HcFThxnBX5UMbE,1
fy9TuAIjJGqmkz6HCWaK,1
fYUD3GcsHp2JBE4Meg0Q,1
Fzb57KXGYB0x6yJErsN1,1
fZgzaORsom2wvBLktWn3,1
FZVH8l3PLuyKCqW0me62,1
FzXcL7Rxhj3mT9tlCp4k,1
FZyGRoXSd0DTWBqeA59k,1
G0lOhNpMKqBQb9VrkTim,1
G0xmghzaP9n2HUCNlKFZ,1
G1ab9rZ2SFOshYk74yxB,1
G1W3VN56x4ouK0slHkQE,1
g2AGZaLeRcbOUs01S64N,1
g2kbzAYTnm8WeHxNhOMR,1
g2pvrdbPVLKz408xBXef,1
g2uMpUceKFwO3SBx1TPv,1
G37jI5Fu8YEJVgWhiKCQ,1
G43puA6hRxYEkJnrOtbX,1
g4CLOEmB0R9YxXtejbsv,1
g4N1hd78brza3nYsHQfG,1
g5NnsVCLJdb1lzPBEUeT,1
g6QHUYJW7vBiaPn4bkwX,1
G6RpHVm2BiA19FaktEl3,1
g6WEbHmcKApIY3rsZqzo,1
g6ZYW8n9iJToNFMS7QAy,1
G75QxhRIoP9Tg0KAvLUy,1
g7dyvFke26HpiqVs8Afc,1
g7xbdzt653NRcGKF8WU2,1
G8hm6UqIKBQWlMpeTScb,1
G8nd3QDysqeJ75mM0uTZ,1
g9EOBe1tr5a3dUhLn2zu,1
Ga17B5qZe6VoM0kCxTAF,1
gA4NljxR3YfOIeSihuzJ,1
gbpQC3mJrM0Ho418PR7W,1
gbYsj2FL7BQpaxX931OP,1
Gc9O4vA6JMXeQWs1gipo,1
GcDqJZKaY7OdRAkm4o95,1
gcSAbDRBOnPvN8jxGouq,1
GD5PixCWp6ZltsQ8qVbI,1
GdRjCWQ4UJSXn207YEwr,1
GDtNoxZ3CKvYhcHQukrm,1
GEaJRH0xlprO3C8ShcQK,1
geCboaYHQ2LN4GnIfZF6,1
gEdIfOLARZ6rocTXj1hy,1
GEfcnxDQbBIuid5UrMoy,1
GESoUiedANRy0jqX59Fl,1
gEvA2ctmNer17KZVUyYR,1
geY4cHBupKaLMrT38A9b,1
gfj1rRXDkia74OU9bMcJ,1
GFVUryQSjKEPM5pqs9h2,1
gGbvOKAXCB5047PEf6aS,1
Ggm5d6VvPXjsCAKzI8B4,1
gGv9msCKZNuaArhTkl0j,1
GHrFo8dgAwsJSV5kI0vD,1
ghS9ZXFHbl5nPERBLG2z,1
gI0oq52JWKxBlM8NFiuk,1
gIb13FBH4YAQJt2dfveX,1
gIDjYPOHKpMsXAyE5QeB,1
gihQaFE1TSuWw3BCcAt8,1
gIjbust1dlK9OpEiAMBV,1
gIznX7hZEtuYwfAsNVGT,1
GJclOauMEA70XU6nv8g3,1
Gjhdytn6p73ql28OckQu,1
gJoqRtiAQ5InmXCHjdEr,1
gJQLAK983BsIvVwCHXRD,1
GJREYDA5m4tiQ3krNuq9,1
gjStprIMlv3BwYG84Emu,1
gJUH7QfewoGm5qITLVcx,1
gjwWSlnxq3Et27IeZD5d,1
gkE2CmMqQtSP3JI6ZoHU,1
GKhapcnCHF2qxI3XkbyR,1
gkKeaVzi3TyCbL7fEWSB,1
gKnWZP28Dr4s5YoGybT9,1
GLcwfP1Z08pVWrg7uoy5,1
gLEvBR41T9HcjW2zCAni,1
GmEAFpP5ZO0suwaNIeqx,1
gmKLiC1aN48zVTEcvbeY,1
gnfdqj5h8rkxUDzJ4obe,1
GNH2UORb8TzduP5o0Xr7,1
gnJEALKUuqpMFItHRVzy,1
gO0h7udtqs4yaXNQAUPM,1
GOPRE6b1ypHhFWoAVgKC,1
GOVHJNpe2hzRrPc1LFZw,1
goVvB4mFfTO9HKbtp3C6,1
goYPdUatw3BQEl6iCI0D,1
gOYXcqIUEDltwVdNQzrm,1
gPGebw1j46zoplFB28k7,1
gpj3qKVlP0FZb85kyh64,1
gq24NMeSC8QL0pT6xODt,1
Gq5fwFsb7cHlhy2zTO9I,1
GQjf5BRNoHmXzt91hb0L,1
gQkYeuWndpbftU0L1rR7,1
gQmxCDohy6pJUcSXrFPW,1
GQPk9p1ZEICdOTcxlH5W,1
gQUkyb9unAj1ltqeFHhI,1
grUKOtP8A5GuMiJpyCE3,1
GRYhfsPiy72KcE8VaeqF,1
gSiFR8BO7lV1tjU0eMPb,1
gsQyK4P7YRqarOo0EnS5,1
gsY6e1zD4FdKItQvWqul,1
GTu3Dj92zvP6i5oVACHb,1
gTUk8tKeM6AfBHQbrSaz,1
guPdKvCA0cw9iN8yzbQM,1
GUryk27wO8MAsjvazqRI,1
GuX78SzhflmoDd6CTHyP,1
GV8REsbW0g7atlTBDXC3,1
GvgTdLOzfM5k94o1sIqJ,1
gvtDf5RS9hjuPWTOlZdn,1
gVXOW67NHqmsncU9FGza,1
gW1ky2rURczMSTb3Eq80,1
gx5Miok2A1LDbOWNpUHn,1
gXAcxkqQjr9N3dI5paUO,1
GxB6dX7o5E0cP9rTnb2g,1
gXHqfj9eSQTA74aE1x3G,1
gybTWSU3EjBGpCVI1JA4,1
Gycu1WC5mE6BzMl2ArD7,1
Gz7eNQgydq6s5TDvm9ft,1
gzfI1PqVjhYlkHBuTFLm,1
gZx3mKdoY91baiu7PfDU,1
H0AQvoZrzgbPiMtdeUWs,1
H0CJMeXs7oU4Z3h9RqYz,1
H14sZdW5uykCAYUFon3r,1
h3EdyntkIm9wi0B7GH8g,1
H3M05P1RSdql2eiXa6Vg,1
h3sORpAu1ScivEPIrBl0,1
h41axcJq5TmDypUYEMbI,1
H42dBygaJWzSOtb9Ei3f,1
h5gMG6Y3duSDeNHvFLzA,1
h5qkERdnvU1xPWtSNQOi,1
H6tgJ4jTyak8VsANRFud,1
H7YIF2QMS5JfO3cR1zxP,1
H8dnb7uFRMm01jqDYWC3,1
hait9S86Wk4PR7eBmXOF,1
hascDlfInApRdyZVFm1o,1
HbSOMm8u5lgAnPYLDWJy,1
hCc0HPsTNYxXADS8yLKv,1
hCP3n1Ws5IRjMAoYBufJ,1
HD1W2pcn973X5YaQVBtv,1
HE4py9ln63A2hQzNcebj,1
hEHyIjpekGRvX375Tt2s,1
HExR2koQaZOBwnK4qU8m,1
hFPYH9M5UTJpLEx68B0o,1
HfX6SvZPi5ImYgh2RkBW,1
hgADmCjLzUl7Vw5S4Gfu,1
HgIXVrY9w67fFhkEn3zj,1
hGRPEzl98vMXW5DstFJT,1
HgSsanq9f8WdJ1zEN7tp,1
HibqzSEn2t9ZGTCykJKR,1
hIlHiET8OjbuW75SYqP3,1
HipXT3fGelugcbwKmkCv,1
HiYZTk8L6B7axN0hqgW9,1
HJ3G8CS9f4yVmadQ0tOP,1
HjhNmc60tkrMRQZ7Po98,1
hJO6AGKpk2U1PqiX97cr,1
hjwLWmz8ogPaAMTxqI3Z,1
hK7qMc3ZHmF5e4bLfCOj,1
HkFgNRjpGq8VcAW0J9bx,1
hKfRlZvEnex48Cu2qzFc,1
HkOs92TnWjMz7cvmxENY,1
hkwv0zui5laA6Wg4V9c2,1
hl6kTIUWGfd9o3iJAMnK,1
HlayB2R1ZFzEQkw5oWrg,1
hlIJLBno6yzq5sj84mfD,1
HLjq8RrfpEB5McvJD7xl,1
hlTE3pVwMCnKFyNIdR0i,1
HM8jyTb7ioG9sSDn6htE,1
hmdGiNLnFsEK3kD56aBc,1
hmFl23Vv8AQq74sLiuIz,1
hnMRIAswZOPolcxpUJe3,1
HNOm6L7wSiGhjp1U3stq,1
HNRDf1hTCBS0qusaiFrg,1
hNuROkBgEDG4UqSnZ8ir,1
hO5E7Bs6r02fpo4UGZNx,1
HOXtaor52udEKIemGQUD,1
Hp1fY2tRvjFEolKkxnW4,1
HPBQ4Ft0wrnKGmqSpMX7,1
hpbVtc5U0IS8LuGz3d2C,1
hpCo0vZsbigG5wLEjUqS,1
HPhRECJ0UDAcko8L6Mqg,1
hplxP3Se6N40oMBqY81v,1
HPN2K5809L4JV6F1c3rt,1
hpRHqfonKgzAbd83XVUI,1
HQYDIEBFLi8hM6RP5kWw,1
Hr6s4wUqkVjDTBIuKnJa,1
HrFlL8CVPxQa9TwU7y4J,1
HRhfKEvl2kTVqm95NQ8o,1
hrMLJ7DFIfmUGPB2q8y1,1
hsbekymnY8oqAfL3Pr0O,1
hSNuWGB9KZzeamA7tF4R,1
HstMehvkaw6BWg5LjUzq,1
hSvEjCqKdFGUgplHiX3s,1
HSvpkeVLnil93WImYs52,1
hSzLbFyUMc7Z2NCAd4EV,1
HT1oyBYIg87K2kPuaqEZ,1
hTJDULi5zxrSem7kVgFM,1
HtmVeG1qSNXLglF9vDyk,1
hUnbTXPgD0SRmK9LVBu2,1
HuU7Y0xWq36QjARJSvad,1
hUV0BrHYvLbiPAZm5gf8,1
HV0ctLUKfW1ozkmC7BMJ,1
hvFfuWd0XleJ9gUYkqZ4,1
hW0uMVwbTdslPIxXZCvr,1
Hx6nJfolcVd7qeXyC0QB,1
HX6v3R4fhoAqWBYUQmKp,1
hxJMtUIZ7ABgjblFrGaw,1
hXUBdG2FCOLeq0kAWNSp,1
hy06iTwRapYMkPnmo17u,1
HyYjp7w1oiVRl2zaWcsS,1
Hz8NEvBRqL31AdfQgmFn,1
hzQEN4vnyrWbJVo8cSGU,1
i0XDKGofpdHatM21hRLT,1
i1kqNORFDrEeHIdKuSy6,1
I2U6ZBEdaDK3M8uGOwX9,1
i3qU1dflygzHrs6wuB45,1
I3u6QhEBDJz4VLkCA8sT,1
I4CXuMk3QFHzBEjei1Wq,1
i4hXY6TsADQkfqSMFrBy,1
i4mPZXrJRahKbxDCTIvu,1
i5bArN2uj1mtEOBkUzlS,1
i5XIeh8WyrO79NklcwBJ,1
i6j5cGQx7h30nIHvzgJd,1
i6SI0yPxJMhlLORK7Qe5,1
i6TQ10pXmCELtke5PhoH,1
I71BDJ6odkpRrwzqN2uZ,1
i7pqWygtZDQLmHX9h3lx,1
I86yTo7eXSm0dWzPhNcG,1
I8CpwJOgDijPzEKxQ6UW,1
I8Eo1HMw6ylV23huQkCg,1
I8qMJAXkFsO9CQzxvjK4,1
I9lORUzi68vFf2510QjP,1
I9wXdHpzEAqKRo2TUtDN,1
IABzVohOWJZtRQXrcdC4,1
IB4bRZv7dGhsl02piuDV,1
IbLHfNKoXGdmFEphtT8s,1
iBNlQ3bYzKr7R6DCXp2F,1
iBT1K8E62rpmG73jN9VS,1
ibxGylBEOsMeP0cFQVhf,1
Ici7gGFnMHENV45kD0tK,1
IDAJBOwSRGzNd6icULMu,1
idM9jgSrFceTfECaYGLs,1
IdZTfRtJk1hvGaei3P4A,1
Iec1UF56lu9M0zmbhGky,1
iEhMwSYF4f7O6clnzgv0,1
IemKCvJBb7iaO2owVYHN,1
iEQqVxmbcTeIASF5fBjK,1
IeyQM436SZoWp5ndGERg,1
ieywoN1csjbd48IgVlqM,1
if0JHIlxvu42A5aDjh6b,1
ifjvkSFEylIoYORhQagL,1
iHMt9Cae1FUfWZTcEvIk,1
iHPzknB1x9ac7AJSMZWb,1
iI3TgAon297OdrqY6CB0,1
IidxQvXrlBkWPZAfcqKT,1
IjC7vkJo1dViZerbxwT0,1
IjrWTQDLym7lfuRd2ibe,1
Ik2JctT0d7BxoChuYREl,1
Ik3i7Amen5sVDaq2LlPc,1
iLBjnX6IaCq2UG4Jc9pw,1
ILFSHhZsTilxeJEYNRM0,1
IlMibEgeH8KjRyfdcU23,1
ilogAd4QsU38IFBcuwDp,1
IlUFGP6gY7fABDdwLWo9,1
ilxt65RehXQoDvTzdFLk,1
Im34xwvrNE5U2FGfuSCH,1
IMDdcNTh4YbE8XOkyfWZ,1
imqELVF2Hf3ZG1tgBAov,1
iNCcGvnFJ0uqUjZYtQf5,1
inedOmh0W2384wSNLQ6q,1
iNqCDB2ehnPTloQJyWbU,1
InZ7pDWkg9MAcEwU2v3O,1
iO45psGVqFKA0S7kZ3cW,1
IO6DAy90tiLWnlPEbf5K,1
IOcJwnQpZFA7fmM09hDC,1
IOTdy6SHm7cbqPxoLUaw,1
IOukR7FPVbzUl3co9L2H,1
IPpdskJlaGev2MYSXnC0,1
iPrHAsaDfj9wM04dxCR7,1
IQk0AncFSwEVOZh2efJy,1
iqSDCrEjpfoRdaXHOIG4,1
IRE32sreyaptx70cJTGb,1
IrptWDXsmNchYlV9wGuy,1
iT3Z0gxJOVtYuGDkdM1f,1
iTEz2rB6XdsZIG8g07lK,1
itezPEfbhKFq3D9xMwYa,1
ITZQmUtjYaHDxMonFrKC,1
IUACMdt2hcJZ3K5GPzlu,1
IumK1fceOqnGjAzPDrSR,1
IUTWY6LR7GmA3t1HPJaN,1
IUXGYzWQ9pNLqDgukfSd,1
iuy39zbPM8EZ4NIpOUTf,1
ivCgUA1qQHpxnX4bDk9l,1
IvGnL2WUw9BKEzpZj4gi,1
ivhYSt0cMuU8bwy5zxAe,1
iVTe1IrhyJHjfO5246Az,1
iVwHJulRcYEMXqfUKQ5T,1
IW7mHNap6Du9ZvEKtdMb,1
IWhovBx7FmlpzN0u4tCg,1
iWkQeLjbAGmI4onsrZNU,1
iWScf1VBXaT78d5qDJFY,1
Ix1zV6v9hTQNPnk0aR7m,1
ixCLrht37F0qSkoJQDgM,1
ixhrw8fe7msycRaFKkdC,1
IxJlZRtd9nWmAU8N6kci,1
IxN43MpQlgV0ZrPdGjk9,1
ixy8u5ZQrBm61S3LPOhH,1
IyrwUl0Mb2ODRgcVJotp,1
iyUtG4AcZWHTSbjwM7DL,1
iz2uT5qrtRNcM3IJjAhb,1
izdqA9gUMYLlDpuVrjOT,1
J1mFkVIda2ti9BnfG7Mp,1
j2hkK8Mviq9Bpy0rTmz5,1
j2IBarGQysHh3Cfz6M8i,1
j39FkSLKI7NT46Qicvwm,1
j3FOSiYcJwQPbeRAIaVZ,1
j3phIVri9YHZobt7XNcy,1
J4xI6SAhl3OuEdWmw1co,1
J4zTlSBqN5r1v7MIYHQm,1
j5ybckTn6ND9agqr3G0V,1
J60pcjxyK7G2SoCsPVZz,1
J6knLo1rpRBEldSt7bw0,1
J7NLBk9Cvl82YFdXVZAR,1
j8FwWsmQaJ6ryRVPY37G,1
j9H8dMDniJ1ptlAr4xTL,1
J9mdlXyFaQjNMtWk21uE,1
J9X6kBa3wst7ocmqeiW4,1
JaADpqREb91ZhoCgIyTk,1
JatHiWwG3Amc6VTXuSqC,1
jBAq9uw7KzWcE85yJMhd,1
jBkrWA8tOFNvCyZnPe2Y,1
JchT0OvFpwRX9beS3i2k,1
JcKUy3uzOB50eRT1ZaGA,1
jcqFC7I5JRyf0ldpEoi8,1
jcWrJ2ePHw0LxBQYmaDh,1
jD1ixXdrn4QfJoZHFA02,1
jdbBR8vVmyTu7nkSUsl6,1
jEhpv08m7FOyKwXYoSs4,1
JEULek2arB86vPXS0lDW,1
JFlNr7Vo458dMxwQz6nh,1
jg539ocuMFHT8wErzAxV,1
jgADkcnCSRavse34pTXZ,1
jGeSITtdnpmlb3LYRvZu,1
jh52ewVcq8xryIFuCRJW,1
jHklh9w41iEcTZ3Cn6ND,1
JHYkOsdNScrzU0QADKyC,1
JI3ESrZoxtwm8kfdQ2UC,1
jIgos0w73dFTQWne1z5y,1
JiTOus5PgHU2kIfnw7eG,1
JjchSfDB7CA4N925O8UY,1
JjyXPOBMQz6IZaNUCFYV,1
jKxs6EIpRPOWuef8XykS,1
Jlcr6Ej1P3W04SRGh2Nw,1
jLRCfP0V6Se2y7bHidEu,1
jLrNDsQ3yo2kHORVSuIX,1
jLSyhNpkoXDKeBmE5YxQ,1
JltGZkHyLmsi6aV2UQ8f,1
jLTUt74V2vSFp1lcJ5kZ,1
jLuXBKEVC9ngUadxi2Nw,1
jmH0bgfyxVa9pzCQT1WD,1
JmKxR1BwiHDqnyskEA4p,1
JMngbfY3PC5WkjA2iSvH,1
jMUPQ4E1FY2HC6xXpc5r,1
jmw9eDNhFgEXaOubnpxC,1
jmZFJgqWL2NO5HkQIh3o,1
jncwKsTE3Yz1Q2UtrSvB,1
JnHGRI2v5NuB9lpsEOCS,1
jnVxmi6BEUF2HYWNlaSO,1
JnWzZbM0eqvQEmwKDg4t,1
jNYoKIwy2RzQrLpcf5mi,1
JO3YyqSKEfcd0RN4hLFu,1
Jo4mF0en982QIKTAbOXN,1
joxy4nGdLbYR187qJMAN,1
Jpe2vsPyTqBaMwDALKRr,1
jpT74BziaEYAtIfhnyW0,1
JqMnmvEYlKVfw90W6btB,1
JqmwBOLiagP4M2XkErvC,1
jqWFfN8rz6XB1iE3s0Vw,1
JrFfspKABcSqx2zmTnCg,1
JRgoPbLy2GVQzsUdKmkj,1
JriE9TlhQ2Y5OGwV0XZL,1
JRkmlOCtMWc9j1o6E20h,1
jrKTfD3VAXsFJ9vn0SMe,1
JrMZW1EuK2mi3PbqojC8,1
jRz5yerg4LuYHV1oFtEf,1
js4396mZnDMYPhqrQFdU,1
JsAiwlCSWNhI41j97Qtu,1
jscpD6XwlxRVB452AvU1,1
JSFx0HrdvGqQ6WcCRoIg,1
JSoqeuhRdWMs3G76lQp8,1
JsR2Akf5xer89PYDCjF6,1
jsTnFQZN0zuGqAgcOfaS,1
Jt3kj7AHvPdRfL6yCh2n,1
ju23GQl4DYFVeNwc85ka,1
JuAyLarnUdx5cRYT1v7M,1
jUK5O9P6bJSAiMD0ofQy,1
JunATHDXOfYZFlRpahV1,1
Jved4Yh29n1SIkfwZW7j,1
JvYAOiUV3zbkR6hEdCDm,1
Jw2B8a3TEXqztGfdA1Dc,1
JW5KOAExTVe2qH3kM4SD,1
jwgdCnV54xIZHMSsGYFc,1
jwQGe74vFSE3bVoxdCIZ,1
jwzRSkGXbLEaZMsguQc3,1
jxDGoTHUWQeLfakytdO5,1
jxGMPhcQkACHRZ7DrI8w,1
JXkn1EudrFKLeSxT35It,1
jXq7Kt2dOeIHo1AS4sxP,1
jxuKaQ3YtEZANs06iWUf,1
jy3BzhR9UfMtuVeICmkQ,1
JYHewAqbWG78jOvmp6rh,1
JySEQsbmRtqxuN2D5IYO,1
JZ0awYrmX2UWLD6zpV1l,1
JZ0H1CvdiKOpPk5SBMqt,1
JzMPiTrOXauAZQ4NkbLG,1
JZxp9mEVqv81h4s2YkCD,1
k0DVI4svgBRA8pjlf9M1,1
K0ij9XYNHeJR37b6naD2,1
K18LQkydvn2l5HUxOquT,1
k1Jt5Q0jR8nAo4Fq3fzp,1
K1MACq57pdQfEsgjclS9,1
K1rbQxOSzNHR2MdW4tgE,1
k2VDmKNaUlXtnMhsuCic,1
k3Gv04b1HUEMmrPCJAct,1
K3OIpSMVl9DEH1qY2Fyn,1
k3vrzKCeduVIEYyfAhRx,1
K4M2P0EmlI7FxgSdXQD3,1
k4rdgq9jn7pchwMZ5L8T,1
K5tfseBz7vxwAhCPI6Rq,1
K6xhRm7Tw0zlSNiFnPCd,1
k7Ie4EzhAbBjunGgy3fQ,1
K7va1ZC6DzFHqBVgWY2R,1
k8FHSmDTwC3eIrYsU46v,1
K8zhErbvBDQ9FdYyT30R,1
k9xRmJIPX3h68arYZ5Hj,1
kaCP4Mghom8e1ujB6HY9,1
KAEeGNIw967T5pHFhMQd,1
KAGfZUyown7ieqDOgBYr,1
KakdO56B2GhiC3szw7TI,1
kaz4GujLsES3IDtnXc10,1
kBoNGqDtARYyC6uz5V42,1
Kbpouar84hSgwVWvf1Nk,1
KCeDuY5B0SUjlfxbT3X8,1
KCtoQWB0q1d9wUF8bHxp,1
kD8OJCT6bsvcBU9IVaeA,1
kDj1KVgGfTIFWPX9idoc,1
G7JMvWmlnwiVpjcNhSdL,2
G8bXrIAFQ0HYlnZ7eDym,2
G8Jqn4KXzOMZjyEIW1Uc,2
G8unSowFszcjkpdafJWe,2
G8wlLJNegZjoD7YFkiS6,2
g9A5fmc63Sth41uoBLEz,2
g9jFi4GeR7SZkTt6uovW,2
gA2keFy5GKsjdpBriL7M,2
gaqXeBP905M3TOizZfFw,2
GAvItLYkN1s5nPyE6drh,2
GbC6TFsQUBoX9irS8nMa,2
Gbf4Z8pqFsrxyKVQOcWg,2
GBi3fRHvLPWz5kStU8hu,2
gbkKyeR2uhSO5GzsIr0T,2
gbl9KAStEi2LpcvDfWMn,2
gbNWT5xaD1MJQKFRG2oP,2
gBSqh0U39mH4z2IZ1WFR,2
GBvhKE2ydrS78XaiHUFu,2
Gc9LHVWMU5tu7Q8fpFq6,2
gCNUKzdsihtJYjLlAR6T,2
GCtriz82s6SZXB0HDRc1,2
GCuDFKgQY2f1WH0B9VrE,2
gD2jWCFQ0m7POR5uElfN,2
GdA8RwInXaH5J1OfSEpN,2
gdCHhcYzBskGJXZ63rol,2
GDieNrMwRKz53Tdcuv7x,2
gDkj1Q9xSVqKFcte6dp3,2
gDKZbIHe514u9pcEkFsV,2
GDMPOk0orLBVtaubJHS5,2
gdpCryb5PsOv4TzWcLHQ,2
GEFTHcs9pD254nR1PdNY,2
GEprqj7xuTa8m629zQP3,2
GfCSdcknV4PzMv6Ui9W3,2
GFdzM4pukx7wtXIKrS6g,2
gft9ec83zWbM46yJNxFX,2
GFXkasEv1gfuNPlR0jQM,2
Ggabo8prE7kDOqMtKAWX,2
GgvOWXkDhnMfldVP5Z28,2
GgZ3AWheHi7BjuKDmF08,2
Gh06DE8T1zeKQ3vxjbpo,2
Gh2iqW4HNonOcgSJm3kx,2
GhcBFJEDH3mI21YTWl9z,2
ghiVvMIKGeCLUQH8utmD,2
GHsNPB59S8jJ1Upa43Ah,2
ghtBsXwAKYrkLy76bPR9,2
gHUeRsYtFl4BaX7So8W0,2
ghvVNmusq9JQicTP5kHD,2
GHwiU2dzIQBjApR8Kfhn,2
gieTJZzmLhfO82bXVxkD,2
gih3sG9TYD41VZOFRmpb,2
Gjhd4ZYiPaAFyIpuTx7n,2
GjJRLwAZuYEroCO1TQVa,2
gjOIy9sRbtFGoWASY16c,2
gjpTJB8G2bqynsVr15kW,2
gjrozKpVsDZ3i1GO92Fe,2
gjwqQk8r5ztTZcMfC3VU,2
GK3cIhMzuHSw6YtoPevN,2
GK3DuZAoU1YkPTWnzC7V,2
GKdvW298FpuQAamNZlqn,2
gKlJ0CFirsA3cOZUmWDe,2
gkMcsUACjoBPnFYObQfa,2
gkOUScAXws6TNM7R4CPe,2
gKvtaoZ7Lkl1V6yxq3Fc,2
GLbHYz1tI5ZOF6vcleEx,2
gLEW2nYOmSC9AjBvbuas,2
gLhwtl4Dd2XY1BsIS0Em,2
gLlmqtyshpVY7D0H5TkR,2
gLN4Guf8p6xbAvUZE1PH,2
gLNB2kuE1wasXd0jMQ7J,2
glq6WfYSiamR1KbeMIyp,2
GLXFv4PfqV6dD9eaIO3h,2
GMEAV21K07wb4O3YisZP,2
GmPti3pxguLDKAZTFowQ,2
Gn3Mf8X7jsWUyDYOIRLp,2
gnhERVbMYOP134io5eAy,2
GnHh2cK7j9iZq01bBplw,2
gNrGv32aJfY47A8OuB9M,2
gnvX8SWRYfTKMPLpHBtz,2
GNZvEY5fDAqxhpjdysn6,2
gObvATCZKJoyNEeuLW1Q,2
gOEj2AmqLZSwkGIYsoNJ,2
gPDIFE80MsLQhGBj9Xit,2
GpuwW62nZ7VgKlb3X1A8,2
GPw0fzITLhcQDkSWdyYx,2
gpYNi0jEzrAoxWyu12s6,2
gqlPiFkcetLs6wO9HQb5,2
gQOItc9hCLYWjk6TKHom,2
gqr10PzwFNxSRnX7y9t6,2
gQzkDdH4UW3yNmb2Gt6r,2
Gr48vzoJW3QHKNFmqeCU,2
gR5cYMhLPZ8AkzW62wxv,2
Grcdm4uKwz2C3DNUxkWa,2
GReXQUwJuhz5Bj69PotI,2
GrfO6bXRtzV1o78SWmC9,2
gRJ3rY0TIc98NP1fbxXh,2
GRlSVdCEZNKBPj49pamD,2
gRNpMreFHS8QmAql5OiL,2
gS1RpbGO52EelPdx04w8,2
gS4LVT7r6R9NefQvYD20,2
GSsXPyqKvrjZ4cJlO385,2
gt21j5QSnq7DbXKoBYml,2
gtdaw5AUufWFskKmGPpL,2
GTEkXN6RtcSMs2CJo3dg,2
Gtl5aegFzZnm7QkcV63O,2
GTQjgZSf6328a5et7wNR,2
Gtu7doCvKfENQVp1bw4F,2
GTyr8o3mQDug7cb0eCMz,2
gTYvO1hIrHSu0Q9G7FnU,2
GTZPO73Y4JwN5oRLveDx,2
GU32g0fBF91xp7JqNXHY,2
Gu5cz8UrOo0QDfmsZkA6,2
gueIrd2O70fRUMEGczkx,2
GUOCE4g7Wk2QPIhxJnYF,2
gUPvp2kiFac1EGMQZL0A,2
gUxQwao1YWZItkAJiTpz,2
gV6kHaR3DyELvIBhTnmF,2
gvDKqkdM7lEHLUouyzjY,2
gVDuTfNzseWn96HYR23y,2
GvH1Oto0m6IhJpKyaBre,2
gvuz0cDMxfysHaehkCEI,2
gVy9KtLowRECFWUXsj5m,2
GWbiQstavLpfhYqDE8O0,2
GWBugsn5QySAo76NDE0H,2
gWCuk7BUzdH01whK68eY,2
gwiOtI8ScHCWqxklBEnr,2
gwotBKalYGCAj408Quk2,2
GWQal1VFCtwrE47xNeSJ,2
Gxe2usYqQgwz789UpckN,2
GxEYhcJlkd3OiKQeSuNy,2
gYadf1sCQqUIPiD5tGo7,2
gYcty9D6xrqwZ5ChJBQs,2
GylnjTzLMh9SO3FgivEc,2
GyN1TW59jIfadSXxUZFb,2
gzDsnHGVF4Jut7adwevq,2
GzjL73seI0uAmZVyYtnw,2
gzsqAHCc8nFy59j7hodk,2
gztvnwuW7BkpKL9acrmO,2
h0DRFktYmqyi8p3s2Aa6,2
h0IeuHBPEixRnNKVyOYq,2
H0ifOVETDIjMrgGWSa4k,2
H1B87Apkso2gM0Fjd4TZ,2
H1MY0ctT2Pn4bpUSQLmo,2
h1sIMzUVPxaBEXlnbdpS,2
h2bGqACH5pKZtoOzMVRJ,2
h2dmlEMoAOI3fPxZ0Bsc,2
H2PfBYSt6hT8wIndaGVz,2
H3RfLw5i0P1NC7ohkZ4B,2
h3rJYzdueyMUj2QGLmAb,2
H3TB1UG6mPKEJFVpols0,2
H3teMfnQ1LGR5Sjr4p7W,2
h3V2WxD9LUz60iOnGIrN,2
H4Rm85rlJxfuQwq6d03p,2
h4RQkOUioypwqnCD0zx8,2
h5b2LH6uvWwKXc0i4joZ,2
H5i2McIKkbaGe7L3WnQ0,2
h5vYpXNJjs0qRDVyF8Z7,2
h6dXO0barf1t94w3WHzN,2
H6q1LlJXFrbITo8MQdmO,2
H7CpUha5E4m9YzjxD0Z1,2
h7Kbin4elq0PXJo2pvrR,2
H7tCOwf5rzSluXiGsx8W,2
h84uQivAnMyltw6Wkx3f,2
H8S3MwPF1hnIfqBWZzmc,2
h8VyAJq3RfgoQIciCT9u,2
h8wnNSFs62cI7axUq0iK,2
H95ZaEcvWw78QnqDJb6l,2
H9W6IBvFuM47N01krXY8,2
Ha85TktZVbeLdCOXN7vj,2
HawOt4hzSPJyk6egrKfv,2
HaWuY5IXN7gOmJG4ZCkd,2
HB6l3Esd2mZGrOwTfYiI,2
HBbWV1wZoJz2sKUl8e3r,2
HBfZmSvKGt5JzV47wDxP,2
hBGw5O3lt17ZMKRj4Xrx,2
hbT9ltVRQjau5nNFYpHM,2
hBTCW1VyKHjzUkncqpeo,2
hbUP9c3TFmWJZqCIuBkg,2
hc7TURALz8qiDjaHZSf0,2
HCaGgWTI2fY0qNdZzeVF,2
HCbgVZFI580OxptuS7sm,2
HCfcB9zY8QAsTaJE2uV3,2
hcGXIb1VuBzeANFpqk25,2
HCItVjnoUXrq3OJcdNQk,2
HCs2eUx4OQTG5nRY3vMf,2
hcxzjg80lCIdiRyQ4en6,2
hczfxqdtwX6lOPmZUJVS,2
HDembPkLujCsic0oYQAp,2
hDiAgUca06yjEXeWn8mT,2
HdkjoqVQLg08cRDvpuGb,2
hDVjFuAliwxn2No6XkT0,2
HDX1ZK5hQ4gWmTLGdUvV,2
He4qRW17SQlfN9BcAExX,2
hE6fQPjiKgBR0D2bqv8e,2
HE928OWkP4RJtdsNL7bZ,2
hECVdzWU83LJkc46iGMR,2
hEpcOWe8nsfUbY07Vwk1,2
hePHMV0Uspcnd23R4Fyz,2
HF1t2RKfSUr9AQij4Tsd,2
hFVEPajwWYZU61Sb4Dyx,2
hGP3VcgJjFyBL9IpAtZw,2
hHOZj4C0Mdi5Ktx3WEg2,2
HI5KXVitQYxech7A2ZqU,2
hibXGaWRxKIl42Jg8zM6,2
hIrP6UL0jT5AsmaqidBX,2
Hj0CXE8hPiFvztq6mnp3,2
hJaAKbI1PDmT53SptEuk,2
HJayuX4Fh0GRBoALP6jx,2
HJSPltnLF4DN3x18ZUjy,2
HkL72qMuOcp0T3gWahnN,2
hkscPWGaIw0ALpHuNKr8,2
hL5VPA4jfzHRWusCaQi0,2
hLcXvdUBkxJRtraije6f,2
Hlepf9aJIoFTQcrmXO4P,2
hLfixdwFNU9sm4pkWbvZ,2
hlFo3fprkSOzDI7tc8Xq,2
HLIpzufArQKh9XcBPVoT,2
hlz7aimR9U8PWVqSvKgF,2
hmgHSWv8RYUidfGkn6V3,2
hmjcZH7rQ4qkLlbDzePy,2
HMkxXqh0gRwK1OrZ2Fo6,2
Hmne203D6GVOJkqhsi8y,2
HmwfPZIjsCeOiXQ8gJo9,2
hmxWlvCrP5zufkQb8Ljn,2
hMyn4mwJjsLI5l03PdV8,2
hmYPrWvVtO4Deu6J7E5i,2
HmznEa6Xt9ebTjq0JOCg,2
Hn2koKsPizIVUq1bWL5g,2
hNAlXZpxS5QV8R2YTkaU,2
hnCWyLtgETFlkJ84DqXS,2
hnEAVHz5I7tQcjGWvRi1,2
hNjQviUSpfFb3anIL0mO,2
HNL7GobQlxzMhkga3uy0,2
HoOEWQVSZyThrFj1tf2b,2
Hostb5jC4vASg0GupIZl,2
Hp4J1c7MEvW03wufgTBi,2
HP9XAZik5fCJbjupGyV4,2
hQ3JVMpHcxDdrXqe1Ult,2
Hq5ADm7t2YMF9digjKCs,2
HQCGK7qg4vjwM6iVncxD,2
HQgZpqCOYs93hwJI0kUW,2
HqmnQeZ1cWu64UjTtOFr,2
hrB8P7K0OmVQEJz2AqSD,2
HRE9TjDJgZl6LcuV7yKn,2
hRKlMBI5HrGzbQnDpPqu,2
HRL1PvrNMO70Gojpsexf,2
HrmycL45gqJ8UXTNeYfD,2
hS8AvgErJHmtROy0iPdX,2
hS9ODtwMaZzK4kH8jpT6,2
hSATyqd2Ixgzf4D3jM0Q,2
HSdJKWmPaicR3VlnTq9y,2
HsjaJr36kD2E1dSIp4Fm,2
HsL2jYueFUSCJZbPKzkn,2
HSpxv7XiuwNj2ceELTnJ,2
HsVToFPyNZdRic2hfQgA,2
HSyZm4zIbXMT5R37F1wK,2
HsZwBUFC37T9q4dc1Pkv,2
htBbipHlj8Cvzsye310U,2
htBGqRjHkVFYir3JELlP,2
htDPZ1Bi0IAayWJYwOUN,2
Hte5fWBMP8GvoLnVK3TR,2
hTWBq5QXgOm0eKV9ktRu,2
hu5p92KP4bYzdOkyIoNU,2
hUc3sa5YXmb2EoZ1pGrD,2
HueRQzwrp2OPDBYMITGx,2
HUJqQ50FyM1hw7ABZ4Ni,2
HUM4WZdYbi795Socq2jX,2
HUm67uRSKYPFd1IBDjpM,2
hundC7q5ZQLoY1NvWt4S,2
HuqZxWcz07mowEChtbrn,2
huv3c9j4VIqWp2FG6KLe,2
hUWD9x6XdNuJrMSg8pqa,2
HVFvDT8ahset6nl4IAp0,2
HVvNI0y1LSJ2OpPkFjqY,2
HWm4MwL5OiBZ2N13KxyT,2
hwPFV83iJa9Ek5HQSCzd,2
HwZeBiCNoxp1rRFKG7av,2
HX5UK3f2skd0m9ZSr4DE,2
hXgY32Qk1VpyuWBa4xIP,2
HxsYmQeR6PFSEtiXzqJG,2
HxtU7NK9ELA3zhksWuVR,2
HY9OPXg8TMBCzqemENGc,2
HyBCp9w2VPAqbrhGZ6kj,2
hyOk7czQB9E56wtHZ3XP,2
HyUaQDRpwS9GT5mC3xjZ,2
HZ518CvW3dAJpwcoRIhx,2
hZfoeEcsTJRnNLlF5wG0,2
hzOwRqLESdnCQMYrpF9N,2
hzrQCyf6qP72XZjATuBw,2
hzVJ97AaMvpsNQb0m1Pc,2
HzvWS4IuPE9idXmlgOAw,2
I0hLEDxSFoykrw9Me8Yq,2
i0OLrWBtKpRQPv4J9fhN,2
i0XRVkoPMwK95hfgWAmJ,2
i1nGx3SaCDYVLFqgu2r5,2
i1rVa58nlOsvzEox6DqI,2
i1VKLxAlwqXfUZTCsr39,2
I2ZH0sW5hT4aDKwo9gR3,2
i3IT61aHRFludsD9OcbC,2
I3m9yxl5jsrv71N6EBdH,2
i3ObMKnYJjsxV1ECAD6F,2
I3QveCRHion2FwyzaUb0,2
i3wtJvkrchqan5mzlF1X,2
i4f81CyIkZtEprWaOVRS,2
i4jsDGZyJPE26nNoaF5W,2
i5fCYlW7NQwFGjacO61T,2
I5PzNTDtvWsK76fBZaGL,2
i5qAV936TsMzYyWbw0HX,2
i5slewgWou6xZMUcdATm,2
I5v28ycbZiHdqzKXDxMJ,2
i6ulTyEvMWfmbOdC02B4,2
I7ibzm1KMaYsuWfDoThr,2
I7UrtRkQZWEwOjcHF1uY,2
i8AI7QqlSXMaEzPCZRFu,2
i94Kjy8WADbQIuNOktdR,2
i9JrvbXVAD6RBT57kQLq,2
i9zPncFlb46yLARQHo23,2
IAX6uCwTfFUH8vOKkzcV,2
ibFVtH0dgCDLsZf9ky7Q,2
iBhngrmHEGAuytQvfDeW,2
ibOJpV2au6cKP5e80x1L,2
iBvYkTZo4b5G62pQh1KO,2
IBwigS1GXp6RxhV8qTEM,2
ibyO96XMwk3U4IJ0htFE,2
icA8Tevx6Qd7tGFpU5V9,2
icj1JwTvFPKeUAkE3SGN,2
iCkJe3xvjfQanEOUywFo,2
ICleA7HO5Kaf4jMXZG2y,2
ID5Ogjr8pR9ncoNhKZHi,2
IDd8vCHY5Ak0hERZfSpb,2
idINaACF1etphXJy3nSr,2
IdJRWqkEFfL3ytjHxV9S,2
idlMGO52wDkKCpNz7gYF,2
Idry1KoQ2uFm0aLeABDG,2
idZhumUfTMgrlsSY82pJ,2
ieCL1F3nH0Ky8rxzSGtQ,2
iEDwlh1scqnJ4aeRTbQ7,2
IeEJzAM1aZKSo8vYsCLp,2
ieFMEkfnclpmS8taKHo9,2
iEhcPy0K56ASp98xlUoT,2
ieI35JrWTM0KhHE1glbG,2
ieLs93AGTlXK6jBkQc2x,2
ieORvyxW5dSpQtVqULX6,2
IETGJWiuU7As6SPewtOk,2
ieTyx3pGN70aXrcqwFu4,2
ietZ2N7g30pfdSvn6OxI,2
iEVTh37Mo4NWlAaqCFkU,2
IeWFCiobD0axuwfMUsAj,2
iF5AvoV9uKdhEeS7msYt,2
If7D6pQO5xPYckjg41LB,2
iFDnxWCglRKEJcQaoNs3,2
ig4IwJckBlRaT3FUN6rV,2
Ig7mTKfQJ13ap9xriVjM,2
IG9PnvDKkfZ08lFbNECx,2
igjezBrTh4SbGtIKZmlA,2
IGlj5HAEq1FUhbC9JWvr,2
iguj6WF7SPzs9evTrl2n,2
Igx4oNafhQKyeMPi0VSA,2
IgXph4qjyDf5t6S0WUwm,2
iH1NpT5djnMa64tzV0yP,2
iHmI5snqhCFBXafvzbJE,2
IHQoEqklzdpF9J37CNvc,2
ihtV7FB5cXINJnSzflvO,2
IHvh8pS76tGXR13kOrL9,2
Ii2v7E9HYdBt0TWMsyCF,2
iI6gqausrbMvoSCZUVfB,2
iIMmk8tNvLweAr2dfn9F,2
ij6XhzqMWJFI8t4SUvQy,2
IjAlEaeHV2M4GkFnRKmS,2
IjcoL9OvTtrmEYgidSNQ,2
ijCY3HDqVnPdAZEtFRv9,2
IJkRMnXj2AflNqE0Hac4,2
IjSolvLdV1387MF5YNZK,2
iJwSVZNB6Qf3jdC0oAXI,2
iK9ovZhBJCDH0T34dtI5,2
ikNw2nIvYAHPaod4Dqsp,2
IkRyF3nC95E8dbBwjO60,2
IL4NksaVyYtQEKAXnUSJ,2
il50yHcbIevZ8dsJOTQ4,2
IlCigar0eZ13Xtyf8MVn,2
IlpdJf7AbLF6S9Go8v5q,2
IlXfyiMdJ3wSO4LNbKCA,2
IMBK8A7rCv4p0TJLjyP9,2
ImCo1Zy8OsF6VXY59Bk7,2
iMIveqXKnkP3NAc4uC1d,2
imjGPLrpKkesMR764noI,2
imTtQaVAb6Ld3zNunpfP,2
IMx1nqKaWEz6UdVsuewA,2
InqZsf5iQozvl3aJbKWA,2
InrbAZj9cgpitWdaUHVN,2
Io0jnbMUGPDFeW1ciAds,2
IO1sycKv7rV4YQfESMJC,2
iOUrldKIZhAHmk6PF1b3,2
IoVJizlUE0njDXABWO17,2
Ip4oy5W8U1FbGrDnPajq,2
IP8DecoQvMWtK53AJmaU,2
iPHgeU6vjNKr8GB90CqM,2
IpiH1PbUFYZwRWe2jl5t,2
ipjWCvhBI3UO6sr1gGZE,2
ipK6gHY1UbekXsPNz0lI,2
IPtfXUCL4eJc7xsOjv1i,2
iPVOQ8oez4GynBhEfg3S,2
iqaJCAMOH7fgxpvUX5y0,2
iQy8orOf7tFLkGpZ0CBj,2
iQZCbSt5Pg7Ajqk0LYvl,2
iqzUwKp0ZPQFJve6fba2,2
IR2aS8pG4mbN59ZjCixk,2
Ir6MoxmUc8VLiJKPS3vD,2
iRrWPIwXJje9usE2MvaD,2
iRsfMjzgkhn2KHyY5ZSp,2
irUj2KVPLFBa4EYlbxth,2
iRwMLz8VmZTpseJbKcOg,2
Is7XAaJBcrSQNj2dmKlG,2
ISEbDYCrtqnGOPg3Qdzh,2
isFh4lrPwI5vYeqQN7Jj,2
IsiGAwhTrJx49BcFjNLq,2
isNPnYgfp4AFoH9RBL2Z,2
IsSfM9LGyi5c8uP3p7hJ,2
istyYHpm3WofMQLX0KBq,2
ISusbpVaCTQH4913cXA7,2
ITEUR4DewcnMkQhsWqNA,2
itKaznkWYBjsPd2obgJq,2
ITPGq9AXn4EZKmYeFpuB,2
ITQEnh4F7kb1uOs5CYMx,2
itwvmenE3zjuNpJF0lR8,2
IuPbVhUqrzvp2oTKMsDg,2
IUq5a0NXCTy3mhV14nBE,2
Iur3cKshVeHqib6C9tnv,2
iVAMDtFgjQHusEGmWJCT,2
IvgyiZNlULu7BQO9xYop,2
ivJ1wBXIQLEyThgtZNoM,2
IVMFepgX5rASctxiL7y8,2
IVprGntTFw5sqBYU4xOE,2
ivXUldNe7j0Qt4TByrCm,2
IVZFbMA91RSK36luQ4kW,2
IwBULXyFlnWZOrsm1Yh2,2
IwgDdxrbUkiXpfAMy6J1,2
iwKlT6Fh3qfXp2kdVS7a,2
iWQ5qhfbkKrdJtoTg4Z0,2
iWrfZKVPJHECxmN1vjz4,2
IWryLwtbuK13OsG04Tzl,2
iwTV1BuUW5Rjd0C4oqzx,2
iXgHCQ6bTzvFPout92dn,2
iYfVGj6l2JWSXdyM538K,2
iympuaSrqvjfogKZcB7M,2
iypLG5f97Y2ZTKcBuUxW,2
iYSNeF167B0Oaslf9Kb5,2
IyVlH08cxfzMLvjFbrOX,2
IYXhFeyzUjrs6RNZcWAd,2
Iza3Zouq4wNDSCvgKcLr,2
Izbos3ZTyWKju6k514NY,2
IZdcDmnywT9vLuM7fRiF,2
j0dsMg3f5yYl2ZheAnTv,2
j0OzVHxosPXhY4BZ1FQ5,2
J1chft4QPrzWisaqREj8,2
J1rAVnKEwlsFqkG9xYNh,2
j1wqtQ9vlpxD5LMr34aG,2
J1X7hSrCk2YDdszAOxBj,2
J2PF75IpyqAumjQVHZ6w,2
j2UyxpKzSGDIb3diVrgw,2
j2xmyNRTk49VWXbZMnUc,2
J3VovZ7rDnIsYpk8UcXt,2
j4e5K0tcpfIlSYT3QUkd,2
j4LbkH0Dx8eXOJnPBtZT,2
J4P0LycSEbmQ2k7oDuev,2
J51yVcCbx9LDM6ZlS4Ud,2
j52QgsK9qrbeDZlvyUBn,2
j5HNabSQY1ZivMrW2gFL,2
j5OyPphcxSMDXJo9LI4C,2
j6gIME8eK4T1mn9PFqhb,2
j6msrVaoBEJ8cWxgZeAH,2
J6NCAqTrpj7W1Z05XbdM,2
J6RsFGzY9gtBZduifPlD,2
J7pqfAnFV3goS1rWbkMT,2
J7pQhMRbE8j0Gq5wCLg3,2
J80lTkouaSwOy9RWHeZC,2
j8FrKCme9oS3OGcHhd1z,2
J8mw7d9HM5sicpKgTWGt,2
j9O3VJ7tDS5pekl0Ehqr,2
ja7NE82XwHYceyg6o0vf,2
JajfhmMDxzBX8OKb9o4k,2
jAz2bdEis1hUHxcgNLl5,2
JBhPuigxYtENMs4yToa1,2
JbHYMfgWXkjx7iVA0Za5,2
JbpXH0NYnFwIrzd2fAoW,2
JBwr0MNAVT4zl3kvifYb,2
jC9SO83DwoU4ZBRnpNHA,2
jCAmu6J5gIBHU3TxopMD,2
jCfTR4OxbaJmMz2knoLF,2
JCHgjkrcSn92i4RPzM1e,2
JcM4rjfw2mxPpT7sAveB,2
JcQfYTkKWO0Cs5aqDzwb,2
jcx2FgPBbYqshUNvkID8,2
JcZ2u3jWIaS7nD8Vfp1E,2
jcz5dACK0gLXsQkJNRp2,2
jcZCrbDqHQusThgnOeV5,2
Jd1mD8obKMOwqBgXjRut,2
jD6G4s3pinYJQTMxmgfZ,2
JDC9zOMvfUxWby4HVFk3,2
jDdg0PT2HAlk6qrbJKMi,2
jDfyvw6lL31RQYMBHGzq,2
jDlW6ZoIcO0Nh5L4sqa2,2
JDpx3T254Vv1UbM9OQWc,2
je3Im0RAozk8M7gnlXiO,2
JEdVbXyCro7SBKHZRPOe,2
jelaIp5XS4JU7MzrmnoP,2
jExBgXmKlhA4URac86kQ,2
JEzvM43OSnZQcV901IBR,2
JF2417UDdQBcfryqLz3g,2
jfcC8WhHuIJUAlLTZpNs,2
JFGA1Ypxt56ElPa3WUOQ,2
JfgmjCtoTKyM6pcIrBY7,2
JFiWOaubTAKCyRoBqzfn,2
JfUstdXDHbQZOxuBcG60,2
JFuXwQeIqjPgyrWtcmUk,2
JFW8DGfRUPbNo3YHz2xq,2
jG4TKyJkzD97Vn1lrscI,2
Jgc17BNL9qFovTjD65hY,2
jgeLHoNOsITmWJ8bpnZi,2
JgicF4aOhmrZBK3HYM8V,2
jgNc6pwRCBPetnT2yXQH,2
jgO3mkayeMX8CuLbxFpV,2
jgOs7KiB0aTEzvSUJVPp,2
JGqMAsU8BNzPpT1cIF2n,2
JGxqvbB0l8hEgki6cOef,2
jGXxl65NzmIQfF802LRC,2
jh5EgYDdqxsan190RW8U,2
JH9ls1UkVQ3qbX2tRFx6,2
JhBYHQsTMGWqaf24Ou0p,2
jHfu9AMl1GkNWch0Yv53,2
jhpgXHtC2QE6nlTbwrGi,2
JHQWofBYhqSF8Vl2ktUO,2
JhSGQb9mvEYIXVd0z8U2,2
jHsn36qFVLypCkImbU5g,2
jHYOwUV8zrCoKBgXkG2l,2
jhzl5tWPcD0gSFiKTwQ6,2
ji7FKGJZ3NTdnWe1OqCP,2
JILo8u21atlgTbKU4nZO,2
JIPoNu820rbAGE4zcqaT,2
jIzgiMTcuZPt4eJNr2Yw,2
JK7liDHzL1AIfrPCcFTZ,2
jk94DfpsQo7XlHqSrhZi,2
jkbVGNKaACut3dU4Zi7w,2
JKbYXxOv2Wa8eMNlFq04,2
jKdpYN8VETvaHs2RqmQS,2
JKNVsPwYM4pojQLl27q3,2
JkoiGmLfBj4FtErK1VOH,2
jL2VfCmgMHhoaG94PS6k,2
jldp5PK6gw1O9t0o7svm,2
jLr0lyA1TeugxId7Fk2S,2
JLrOfGem93RVtBySioNx,2
jMHviQAUXJqEbokeVZYg,2
JmRCrDBGEzfgISdvNsF7,2
JMSXw23bN7gKfCeWAxVY,2
jn4ALqJUE9u8TPRyd6t5,2
JnCS8Oh4fUmciFgN5IZ3,2
JNfrKZYIEmpVDBzn1kvL,2
jnKkElPsxcIaUFhQb8Jd,2
JNP8y5lG7OuK4oq9xhaI,2
JNrlKDpRFXhP6wcQjMna,2
JNtLaKBbDMqwTAyCXWzQ,2
JnysZFLMzgC4rQDtW7pB,2
jO3ktp4CTZ8Voy2cHJUB,2
JO58MAdl0WiuFk9zhspH,2
jOaZK2toAgbxChzNvPmp,2
JoKe87uDxvVPjcXlWOLE,2
JON9PSMtuip32AIfdZhY,2
jP31kpCT6WwVr9chU5FH,2
JP7BMuOe5I0yYmSCbTNd,2
jpdhY15v8mkeftGiF4VA,2
JPNtw3z5pD06EAd94oxh,2
JpsS8BAHtDOMNUIyYkax,2
JPz2sCNRcjVUDrwLh8S3,2
JQ7wRLlnb6WqEkd28mgF,2
jq9tQfVT21HeNdhCGIxa,2
Jr3s0Zc7EDULtVAyT4fv,2
jr9iGANIl3H6170uFQtd,2
jrAH5I14hpeni2TbcPOR,2
jRqJ7xPQF2ia6tTsbKUY,2
Jryaub7PNRt1h6nDzfvW,2
jSMk9CuP1e85WrwNd6gI,2
JSrDQ3qkdHBws1KWoNM6,2
jsSM7FgazoEt1V80ynmY,2
Jt6VneONGXucZh27z0YA,2
Jt9wHfF0M8PNQKSO4mZy,2
jTbRSLsJ3a1IByZnYx4D,2
jTgsFer9LQikYJ5aXBZR,2
JTGwBa8eXvHn6uf1DUdy,2
JtpO4ZqNWST65MdH7xhD,2
jturxUFyJCADf4Iaw5q0,2
jTw10q9xuU6eoa82WkdZ,2
jUEoMwWZuAxDmqks3Q10,2
jUeRolnr49Mm7DF0JIZX,2
JUKui8IlmdXj7DVLn56e,2
JUO3pfywZnC4e9xHLBMA,2
Jutod3lzAeqPDWVHRS5i,2
jUY2ipvXO9E5SPuLwHGs,2
Jv2M9gETtBYuiUfqsH3x,2
jvCHpBTKuE264UVP1qnx,2
jVYcTGRCa805U6NxFsZz,2
jw6dqJau5vzf7Vylsb9D,2
jWid1IPvKStDEqeU89y4,2
jWmfFxRVEBrXIGNt1PSo,2
jwQPIaD0Urhgv3FH2Cnb,2
JWYBQVADRKylxCaXIfu8,2
Jx4hzsGNkP7lWd5qRXYS,2
JXgqrxRLT1WPpbj9kc8F,2
JxhBKmpVSNiTybZEoLYD,2
JxMNIKr7bj6utLknSYoP,2
jXNUtyPECsADQaZLbiWu,2
jxOWbXpVtGuyQI5DSUCB,2
JXyRIzCVsMceZBp5aWOk,2
JY1d3lDuBMqznVF0NISt,2
Jy2Nw4xD3bPilQfRsW5m,2
JyABO1D3n0kxMLIWq25g,2
jz61IKlwh8tLe27qWUdk,2
JZ9xYnXykDNO7jobthiI,2
jzCaxOEMKRNd8V7qBmGi,2
jZCp8IYzrv5TXsSOwEV3,2
jzDxbTYIZ5MK60nmPAFh,2
jZGFYe2TP1uDgWdr0saH,2
JZIMimNHlQAh1TdXkcrg,2
JZlEihvwTBmPUzQreyHc,2
JzTXaNDCqKGuiEvrHOYS,2
jzvoOgMqke9NpTJl2Hh0,2
jzWGYQn7q2fuCKNcUpAx,2
jZxB2zDWto8UTu6hPENM,2
k0cYVqDT8h9yQH2ZGpSs,2
k0WuAH9EPzeBGTc8YVjf,2
K1uNd32tY7mzU4Phs0EQ,2
k2Bues6ACEpX4WjGyloO,2
K2jtlV1Dx4ur7ySJP5Uw,2
k2mxrqNg1JzRiVsIbytQ,2
K2OouiFyb1xSIVLRNfqE,2
k378iyT1NpLrAeuQgxvF,2
k37eIpQ2ARSHZlYhnM0d,2
K3BiLDx5eFqoG2tETujV,2
K3noAT9SbOV4RlDMf2Zk,2
k4fumEIZvtlKUbJ32c0H,2
K4hfUQFEiTBqIPauRYdp,2
k4OBG1aAohm95uglPQqd,2
k4U7bfepOEJzgK8S23lX,2
k4ZPKVD98Gfghw2qIXCc,2
k4zuJ9BFX08KM3xIiDVh,2
K6wJGghfXmCiWzNptoD4,2
K6XgyIA40cPJeMU1CV7G,2
k7KxT0m9oZdeYUfWhsAy,2
k7SHfv8lYEZIuc3tw4CT,2
K86WCYGVMAkPen43mgUT,2
k89IEjZqBQTxAYLGWCwi,2
k8cgAnvaEsdSCOxFPoQ2,2
K8eq1QCw0xEiuYFAIaHZ,2
k8yohOL7S2sewB9Wzfp5,2
KABv4k0f1jRtPSa2ZUdF,2
kaC12G6AcH0KgrRY74O5,2
KAGlH9fTgDxiSn7zQWbs,2
Kan1JQpD2ZAuM4xv3tBc,2
KAsR7wJXd2Se4NEUfOtz,2
KaTvxlcpDVC0qOis5jH7,2
KawMHneL7VYj8oQ4m1cZ,2
kBEUPOcpnusoYvQ57Jib,2
kbilTy4z7H8PmpW2OQXx,2
kbSHVK3rjdaW7wlL0MF1,2
KBV7bhMZ0tNApmdnyYqF,2
KBvLr7Tk8OuoySgdA6eY,2
kBZbta9T1vy8PnhW7f64,2
kbZrNaLliTWFB3SM5K9e,2
KCIYcrW1ExdiuljgTMZ3,2
kcRZAg3mPeJXW94y57dB,2
kcwP62orCTg9MFEVzIus,2
kDAbXqPzmGWR8agSwx9E,2
kDl9JHq8P4TgYunvbLNG,2
KdVApoT8ODIh2ZcGE56R,2
KDW8jkt3SfAENRxPvlpa,2
kEthXiJl4QWv3sdPLgua,2
KEul3yrfA91GUBidj2nm,2
kfgxDSAKF7tJqEwP4T10,2
kfigr70cURVxjFCabY4n,2
KFInsUM7GthoZXfCPr48,2
KfLD3exhzvIgCnYo0TsZ,2
Kfn9jdUWrz5cm03hiu7S,2
KFNC4Dl2LmXM0u8iAdYT,2
kFNUMtrqmTPOoEWzhbpx,2
kFSnHGV65dtlOu0AExJm,2
kg1ZDvKAN9CyWamsRIxi,2
KgEBr1ku6lCwmxT30j5R,2
kghNvYueUqRoQsbSZ89M,2
Kgqb7YSefWCdlpmnvw18,2
kh3ui6jzm0Q1T2IrMG8a,2
kh6DYLinI27EHWPNSJXp,2
KH8I6ft57iXUTmOnvZVP,2
KHDvrjpl16ZTsbyOYS9P,2
kHgV1BvhTqw2KXcOzudf,2
kI2PQoudeFEDYOBTliUf,2
KiI6X4afklWuORnqBtz5,2
kiOADfHlLYqyt9dUz4eN,2
KItq3WlgRT4s1SFYwy5Z,2
kiv3fagQwzY9u4rOdET1,2
kivFX8Jh129u4mbgysLe,2
KIxWlZ5Py8GaRj0SOrAD,2
kjHCv9qNRiPUIWzdGnuY,2
kJlSuTtgh6fP9vas7wCH,2
kJNLp6CyAKfgVMFwUInG,2
KJznWHN91MfGEc2C70rx,2
kKBJnDycpQmzPol5OU6Z,2
Kkd8eR0wGQSLfXIrs53E,2
kKEvpQMV1qzLfeTWDtF2,2
kKNgOuGmRUZlF84IQL7c,2
kKzsPq9NQLSZAOewUgBo,2
kLPUQYKrA1jGsJdtS0bf,2
KlYG10foQUPdjTIXmzLg,2
KM7grcA6yBk1J0CmaWiP,2
KMAcej7qgX5u9RbTUZ0x,2
kMAlu9InmCyvPpEDL46i,2
kmf3FnduMt5Re2NZTpLG,2
KmFdoSG4XLMVIHewYRC8,2
kMipTrw9XsdlzQF2N1oU,2
KML4D98uPc2YGCh0EtJA,2
kMLGcpfOht689UwexvZm,2
KMyXSocsnmOZIl0N1Pg2,2
Kn4esMArHJhQvGk6Nd3T,2
kNdmZyxTJ7Kin2Me8GYB,2
KNlAmtEIizBU7X5H1PwQ,2
KNP2ROq6J8YEcmyrtSjV,2
Ko1FSexsij4QuL0kOwav,2
KOAJBhY1RckV8DqTPCsH,2
KOEmRNBY5PHlwqn0X2rg,2
kOTBR1luXMpbG9QoF8y4,2
KpzMHfmGQJbXN92Sdsyx,2
KpZPrI7J5a8wVcxXfNqe,2
Kq9x2olZyEBkY6pDOFJu,2
kQEbWRHa04gOYDqM1NJ6,2
KqEgONxfHdP5lLaBIGQk,2
KqNYZWSs4H8R6l9BiUEe,2
KqS2u8HUWPI6jGDEhvB4,2
kQsiVxDbAXt23wRWal57,2
kqvJp5E0wbWgu9mnzSQB,2
KQwj9O6dlPxNyf8zW0gp,2
KR7J9nBG2CF13zfj6QiV,2
KRBDxPLfj0JQV5heGX4S,2
KRNHAm094TC7OJfEPp8h,2
ksKnqcBVTC0a3zSGoveR,2
kSNnYl3ZLvB2WI7V4iEt,2
ksTyZ4jN21lBiC9UYOGe,2
KSWPydxjJAYn08HOcM5a,2
fojWIsY21tQG8K6BCkgV,3
FOo2f9Pz1XKwSHkyULiI,3
FouYPMV2OKXB7fgjIZxU,3
foZJnHz62LA1GKIVvFOh,3
fpeCgovE4zqPdDLmhxNA,3
FPIdpNxGE3QZlzbvMwC9,3
fPIYD8mFLkReTqZEB7dj,3
FpPsN0r6M1EKtT4GehSQ,3
fPUD6x9tbpI3GclZuTJM,3
fpz9MnLHRN0ZcByxkXAe,3
fQ9wWK0VkgxnmGlSRECe,3
FqJb6dso0myVUlk2xfcr,3
fQmbIDTrZBds8Uu45HR0,3
fQp8mha3FKG0M19P2Yje,3
fQtXNr5Jk4HK13U8EosW,3
FqVDNS6LH342jIbw8CKf,3
fR0Gx2K4cVgeHLJzb39w,3
FR49leoK7WDw3QtHLU6k,3
fR5G8JpWEyoHg9jiaKwv,3
fR7HG9tZAaI1q62XnKyB,3
fRAgZO28QcXWsrFkC0da,3
frcDlXdshQYGCyKa7LjA,3
FrfWM0OlI5XwyoQBnutV,3
Frgfw47IkyO3ZBXlsQWc,3
frLD0F7HvGAwkdWKsNYU,3
FRxXsQuBCKOgewT38iz5,3
fS6uGVWmT29r4N7qc5hp,3
FsHojWp48ESXDbxczK0Q,3
FsQeNCSYAb9jIP7DOByz,3
fsSkgPTQNj8LKbvAZMtG,3
FSZsJwdxRCkPAeB2Trf4,3
ftaSA2odeIb3PhFY9Els,3
fTBbrZUczymOPh5SpFek,3
fTeJiSYLQbPwnr61CNa0,3
FTPlW3bHICJZwrxia7hf,3
fTQ1XmiFekwZsISxNzlR,3
FU3u8jxK0WPVBYD61kXO,3
FuajKf6MUmELZ3O4sxlw,3
fubHnIvW17oPhXJw9yC4,3
fuqLYmHD3tPj1cUTSGJN,3
FUR0EhC7xO1QW8f6DorS,3
fuwjqFiZh5B7JgGTYNpV,3
FV7sawPxCOQ9Y8jMAGir,3
FvIYS1WO7BTpjMeH6UbK,3
FVnieLKxNCw0pI5JEoqy,3
FvobzqOYfnQ0klx1tZLc,3
FVv12Xkm9jouLsNpZiAn,3
FW0vdghTMl5JtBqVkp3r,3
FWmHJkilr3f9wGYgbysv,3
fwMvl83WJ5KB01UN4ckC,3
fwtRXAaBD60Wbu4JEjgc,3
FxaARS1BKUQr47njqNO9,3
FxIYb3j5QRWKH09azTrC,3
fXpRYzDIe1yg0GuVa6xq,3
FyIcXN7Z6SQojdgntUD9,3
FyMvxjWw50Zbmqk2uiJf,3
FYPXNW2S6eO9zMVR3HaK,3
FYsIBi6yv7zdqw1b5uHE,3
FyTSsd5IWQ8OcUaHbgB3,3
fzCQEVs80HT7ioJgYKFt,3
fzgZyTMiq8lmuKkhdS27,3
fZhTampMLxVlDU64tyIJ,3
fzicEKPN527qMsOHpAht,3
Fznamk4GOtlcB91EK0qD,3
fzpmKQC0AFSw8hWcyHXx,3
FzQi9DwaKgWsAblcRXHY,3
FZsflRA4XawTS7Qj0t2N,3
fzspwgh5BEyNk7CLPlKv,3
fZzkQNlXKvy7cVJ584hB,3
FzZLCbl3pMjoh6sWd8RY,3
g08oBJNFLwTvYI2tZeOp,3
g0DCo2kvMYdPAh4UNOjT,3
G0FYM4npmwvtDTP7kKAW,3
g0yHKSp9UMReb7ODs265,3
G1McmpbnaBkjwIZzyslY,3
G1VDCsLj3X8FTW2yzgO0,3
g265T09zY4b3ZExKnr1R,3
G29ao6i5K0ePVIxDXEJh,3
g2ejvfTiyq3acR0MAQYG,3
g2KsAnxF4Jj8QWU1ihdH,3
G2NCXj6ZWOyTFALv7Hqd,3
G2rmTaNBbiM5w0YI6lhy,3
G2wSKbvoJjNBW0kuRihr,3
g3Dv6s51iZR497FAVmxI,3
G3uzt1aRrN0sbjgHn7Qe,3
G4J76nstvNd0PoXSjbFZ,3
g4oqfIJhBG3N7pOtnYUw,3
G4pBIT7W28V601CzoPnU,3
g5AVPIGTEBSxH6uQwWJC,3
g6HfkWlVaE8Aj5dGSOZN,3
g7APWpl2oMm4fi5HBktN,3
G7DQnb0fcE62usXeAmIN,3
G7WZvXgSMfJeKH9o4ayc,3
G80aDFlyJqitT9vBsQMZ,3
g89DUAmuqr4fMC02XSjF,3
g8k7WSGDwyBaJAQKXhUL,3
g8SPzdprqbEL0atTBjvM,3
g8WEey5iY1FksAxqrdaO,3
g8YBNnm4T162fPK7tqjL,3
g92uBMP7wqGFvszXjQot,3
G9AfUZY5xLuDFISqKyQs,3
g9izZfbqECNJw7RojkIY,3
G9MXfcb4iVKa3BeN1SLg,3
G9uS0QUHK6oW7XPmqvfj,3
ga3WqXeTNF519BCMGx2U,3
gA94Fpfcq5lRMvmkKXYJ,3
gAalL7XT1UkoxVvuZIdP,3
GAFXJNzhQ50rMLdt8p39,3
gAGnfdjOV8H4XPTvFsw0,3
GAHqOv5KajTcR648pnbw,3
gaJ3ypIsYStVcNLFXRbM,3
gakqGme850Xcf76A9SnF,3
GAOqVercpKCZJX4l1wzh,3
gaVPCzINmME7huA8cjR2,3
gBceKDhWdI6jfzpsMNm5,3
GBNdXiuAb7CrO5vVoK9I,3
gBNdz3vVibKA1aYDCwek,3
gbnkY2AMXyVNEzriue3c,3
gBPu5wieVs9jhbcmrIMl,3
GBQtWjTxb4v21NCDAaoI,3
gbsQDBICcNZF65RLOvp4,3
gBvO2rS0FyHbzcR5Qp76,3
gBX47iCvYrZVDqpHeAab,3
GBzw6VxuMlXKbmZi9RaT,3
gC6s297ohTDUNO3IzpKM,3
Gc7Bd6Xnq9WQVP2LlZjJ,3
Gc7fIKEtrPNZ2A48gHRy,3
gcAwHM1dYerUjL9O7ptm,3
gCBJQKMq14Atfe3ZSRX9,3
gchAJP4keCm0fiXr1tDn,3
gCJk0uacmvlBAosn74b6,3
gCM2jaAJyE046GQusbiT,3
GCoiXh8BY0Nl4jO1P9zL,3
GComZnLakDiIuQYsfgA7,3
GCp1DME8xZNUogB5aYWh,3
gD0iXSVtJzPQhsfGvNar,3
gd8h7lJ9UiFMqXQxwnto,3
gdmNQEslb8Hut9fyw5VS,3
gdMSLJ5UZmtPpN8W3ja6,3
gdpyWF9KBx3NHDriOcuv,3
gDWiFA4jvZnJQ9H15Xxk,3
gdy9mWKhXCbOs2ltr60n,3
gDYlpwAxoP1MLSV0Fi6d,3
GDZJ2rT0NmUsgPAkzoMu,3
Gea1HPumNZXEtlp9bcjz,3
gedRiDzKZqO9BMX12Lhy,3
GEgeJqIiTRFz6tPuolU5,3
GeTocyt4jDP3OpSI2u5W,3
GFdy1EXBLj6k4ceIfvOA,3
gfJpq3sVhzbLdNjWC16Z,3
gFmZvPRceGixXVwO10sj,3
GfTjcoAWkO1IQDvXrgiU,3
gfu5Owkyns4CVh0G8S9N,3
GFUoAi5Rm0Jn1XNlcjrD,3
gG1MDImaLc8XuKRivsyf,3
Gg4eVh0YMapsJBPSZCn5,3
gGbArPzUsntR6fBWjYu5,3
GgCnpajM8dmXchq1TwZy,3
GgNDAxu4rSEsTMaoUczR,3
gGZo4WeAKQJYSPjXDnBM,3
Gh4gVXZBCHSkjTDLsMlt,3
GHavcNsxJtgbO1IiQmB5,3
ghSCGY9I8UFydb2M7sHr,3
GhtqnW4gclQXTKBRvbjz,3
gHUIeo45cqWZX308K6km,3
gHzA0T3VKoydsq6hrSxw,3
GiNkXlhu50STxfgKa79q,3
GIphNYPJuLqfs8FTcEdR,3
gIzJEByY4vpkSQcZPH2C,3
Gjl3p5gNZxYU7uQH9hSf,3
GjlPswDEXogCA8dmZOuL,3
gJQKCF6t8lGeO05PykWH,3
gJQOETXYSINzfiyrwW0C,3
gkdr1AMspBvZeNhOXl7f,3
GKE3r56OmluVYqIZQihx,3
GKHQIcajdxPpbu8ltEvJ,3
GkIQt6xha5z0TcEeJRSf,3
gkJ36lWfpDUOTiMmIBse,3
gkMCUHdEl6p0LXbyPItu,3
gKONpkVCn83wBlr0a7yc,3
GksfriWPNZt927KeDTFc,3
GkslCwjP0TuyDUS5Yet9,3
Gld6X9LuQw58tmRvo1qc,3
Glebjmk60ActiYp52TBW,3
gLKYVXRSw2Fv1zcPAeyG,3
GlO8VUEpCsqcwXioP7zu,3
GLQ3Z1O4wCebKFV8A5z0,3
glWGapfuSdXKz87Z20qy,3
GLz6FdekWya3tsUovJPZ,3
GLzSZuahXjcxv4fQPosm,3
Gmk6HR4iIWJDEubOU3xe,3
GmPLUX1Y2DQhan563Etf,3
Gnc8AEuT1KtvpZMCh5mU,3
GneEPpmtLjvhTW0HIsNc,3
gNKpoY74nrmyQLZJaIkh,3
gNOGKEjzJi5phY0eyx8m,3
gnQaT4Gdq81OLlsR06tA,3
gNtLHRhP5depSUoqJ9mk,3
gnuITJ1G6aZPskYvm3FX,3
GoAF7XTjK2HmwJzDhdkQ,3
GoYCdUnVlSbXwk8I9r1O,3
GOZy7VoT8K5AWci6DIu3,3
gp7MxT3EYbicRlBKty90,3
gPA06qVDSM1XILOKoG8R,3
GPEC53g1KvWksBcYhuef,3
gPICkhiGxzB9fea5wUWM,3
gpOUTtWIXsvLdewJmfY9,3
gPUaRd12vzpH7lkV5DhG,3
gq0Y8ZH1eU2NuIo5tOA6,3
gQcxnGXHDVTCvz8hyaO9,3
GqjF9NARSywHgC6bUBte,3
gQTjhF1n4ASvDV56ZpWP,3
Gr8pcIbXheNmzaBiHgFR,3
grbAvIxKkFeLica6D2QJ,3
gRNQ2Kw6dHlOXrhBa0Vb,3
gROmPjLGQ34WNVr8ZtiX,3
grOUwuRlHBySvhJF0nLP,3
GSBVYnK0U8HMDLyfeEjF,3
GseuqVvdHoYCySXkJpEL,3
gsHjJZv1AGPzeofaBqVY,3
gSHu3cdNKLOwke7hDipC,3
GSoMecQhOTdXZy7D1Cjg,3
GsPr60aJXyNVFQA5eTHK,3
GSQeltaBqZPDTpHEoxW7,3
gsqykQJmjZ9FdXMeYoNa,3
gSrYQn4hJRdj1xEc26wM,3
GSYtwpD0MfegOyzNUHXr,3
gT1hoOydKQN9bPLF7nef,3
gTcyJ45Wb3CRzmEqZKse,3
GTdj9ktEmJCRqwfncOQg,3
GtdNJxahTnBueoLik7bY,3
Gtg83nF6ri2sIjAPMVhC,3
gtiXlab7VqBfK2PYzdx6,3
gTOsBQ6mKYxGpCkM5nct,3
gtQSRsHLowkWqvbKrfeE,3
gTzsRE5r0qPBDLWXtOmx,3
guaL1dwOMlUT5VesBNH7,3
GUFWALVuS2Ndn5YJfHjw,3
guK1jI6B9oNCAaZ8TneQ,3
gUkT0QpZX2PymWOVYaxf,3
GuQ1RtmZ6UMe5J4PTqgE,3
guSsk0jAbhJXcxPnHGQO,3
guSymr1IhTE4kFXAJGUj,3
GVeSwJETaiBybNsg87xC,3
gvhcKkI6twz5QeJ1BjEx,3
GvQTe0XSqnhKLWz85DP4,3
GVTOpAIgx2ch8UW4l5HK,3
Gw6ekSBuImx1052yTaVq,3
gw87Mocj1q69KrPG2h4V,3
GwC0nmxTeD8vO1gHXQBd,3
GwDlmTct6BZKSJPWLbXC,3
gwEG0RDkZB6Xfru7JpVQ,3
gwS6d1lqMByKUNCEDXVb,3
GWUj9COuPeVEqM7TmlKs,3
gx0LFiqO3C9PIWDETRpG,3
gX5HMyEWdP19Bb0ZwOV8,3
gX5Wqr9ojRFtSmYvHiPQ,3
GxcE1XCeU35zwFIy0ALN,3
gxcwNmienYJZFR3fGKM8,3
Gxk6Z5edAo4tUgFD9OsR,3
GxnCmdTYLaqXAc7F9zUI,3
gy5WKTqjLBtY1dlX3osG,3
Gy8uobOsY93wZzCINP1B,3
gYd81epFW6QfuBxAvILn,3
GYFfQO42ls3rtZLUJe5x,3
GYNuhSXjftWM0AELd7Vm,3
gyOPeu8vNMszC1dH9cTm,3
gYq9lthHL7vVfTSUBo2P,3
gYtamL8EyZN9Bp3wTkQF,3
gytj4UOV7FK8snBef35i,3
GZDBtHrSVFvM2cC5dEL9,3
gZDSNVG4OyutMcW3Fs8r,3
GZELs4ti7QfTqNIwoX9U,3
gzfdolrL4kHKb0GaxJnZ,3
GzjCbSQ3srgy672wWq5T,3
gZRseTmhYfHPvEnVFDiq,3
h0BlxmpFHtM2okiULcTf,3
H0qUX7nT8yhsKDi1gMxR,3
h0VaLmr69gdOiyRwStZQ,3
h13m9RvHr5FdnYkiS2yL,3
h1Dy5qSUbYtfL7AM3a2l,3
h1gS8bA0I3xJoX5zVZ7U,3
h1nZq0BX5LruizPw3EUm,3
h2cdZou5ylgEQaUiJvSD,3
h2dbAkqv6HaWu1wljRcF,3
h2f1WROF5miBuetpbI8J,3
h3wJc9sbFx8AMane7uqY,3
H56g8029xo1ciyfqXFZS,3
h5uGZKiToFpXSrkcARlB,3
h5W0TMiPOQ7YNIfaJmc4,3
H6pGwSYfNmZVd80aeWg3,3
H6ybDOrvej4UfdInC92M,3
H7i091zy2AOYnJvPwfxc,3
H7k4tXfrKFIZN1GqnYUw,3
H7LQjtba5R2NymoArTdi,3
h7MY4l3UxgNjiHR1C5Qf,3
h8N2BCGYqs1mRnuEgTZi,3
H8P4UObGjAITtirg3h6c,3
H9Eli3VJ5WdQ2uejmpKL,3
ha3muSrdjiVkA1JeBQ45,3
hacIJolu0XmpydkYRK8r,3
HaFcfJxs8Dtyvl2rPnMi,3
HAI3gUuLk0jmQwtZ5GOo,3
HaI3lhUAXN6Qv0jW9FMg,3
hAtDMOrJazquYw7Xk0Zj,3
hATF04dxIqGvZSkmK8ru,3
HatR5OEDxJYmzrQqCjAl,3
hAu9FPNJlWKs0DpSnbR7,3
HaUeYinvf3MuGdmjSBI0,3
HaviCoRtOlz4spd1Qx36,3
Haxpwg4SmfWQLEPyZ5jK,3
hAxZkfOWYgrQJpDi7d1C,3
hb9uKJOr5i82jEymWofH,3
HBGj1awLFEUZ7MYNgbQX,3
HBmJ8DWMVSpdY436O5Ao,3
HBoK6P8VSAEZhR5z4Qq2,3
Hbpnmseqw4hRxokOElPU,3
hBYQGegI6O5bvH0P3TXL,3
hBZHIa6WXjLPgdQyETGu,3
HC14OEyUzrK9PLfADTlq,3
HC2Q3pvFOGnSTBwk1cl0,3
HCd3B9trqLsEMDFc2jNa,3
HCeF3VaK0l8ENTx9zwYR,3
hCH2ztpK1XUakfjqrx5P,3
hCoF1baLwU4QytIcXxJV,3
hcpZW5LfIklq0gCJsYTP,3
hCsobXIAEn6SzjftWM90,3
hdiz7HLOqWMCmG4KXkl9,3
hdm2IYJXvzDOotwQuRc5,3
hdmGkzIWx89uo1T6PCXY,3
hDNYlkuFK3cOtqEywM6f,3
HdPOW0iUNmv5bu19nYey,3
hDxgImyk6HKLi0YuaZ29,3
hdYWDuVTnF3kPv9CI4Er,3
HeBQriWlXgyVJcI31Y7f,3
HELCZNMaUObmrfTIj1Av,3
HEsbjuQ2Zoln3XL5WGvN,3
hf2OZuRmJbxks0Xv9itV,3
hf6rMnsUwcFdSR8J4QKy,3
hf8eclPDq0WrSU6JZjoy,3
HFa7lQeGbUMP8hwKTr9J,3
HFbakUnGgEIfcYjZLAvi,3
HfclpJgDhXPiKA6IdQVw,3
hFEc3IvTKgdysL7etM1r,3
HFhLC9OzeNJbP2B6lmsf,3
HfLoa5txyimVwPgs4NvF,3
hgbBPkqK8SOI7v0FDYtw,3
hGCvxqyauRfgwi9Bz0DM,3
Hginatj9xKRWTLDb3Jyc,3
hgmnRpGx5NY6O1MwFPvs,3
hGt2BrujJ6TfQEDzlFnM,3
hI7BciQG1fTlHLJWmZX6,3
hikFXSOzDrdLPARgG6aJ,3
HipwS06lyu5oNO9hKn13,3
hiQNlaFHXJsLzdkgu5DA,3
HiRplL9qaYo81yeE234G,3
HiSpfPqjrLZOE6h7JNau,3
HisQ9bLAevYNUuPnx5aD,3
hiSzJtUH7VqsZ6fDIr35,3
HJ13ogMp0WxAO86sy5dL,3
hjESsM1TOUgAXkLzZiRr,3
hjg5pmokqBdTHFtGUlr6,3
HjgSxn8pJ2ITBsmohaLr,3
HjnGJ4mAK15irOcZkRUb,3
HJQiyIRqr6FPeBcoaEsk,3
HJux0O46yzU7XF5slVQA,3
Hk4FQ1JKPXOZgqzon37N,3
hKAr4wivTe16ZOcWp08D,3
hKEeYz2uOGHiAUMRd7Jc,3
hKiIqfUL3M9jvJVCFBAp,3
Hks26SvPR94LVbTMGIDW,3
hktS0giJvE2jeDBoqr1s,3
HL024vgbFBra58IoxteX,3
Hl2P1kxawM74dKtuoA9c,3
Hl76G9NEXne5FzjwYkUJ,3
hLFrZkvCVugAjGlTcQ1n,3
HlhIyxPo0Ozd9eSkw7RY,3
HlNZFbwm7TDPefvzptok,3
HlRnpWyuP37okUqjdhC2,3
hLScZoszGW7CEOekdfTR,3
HlukEnBqpOFY4yLPUtDe,3
HlZExoNdpyG4kMqfLAin,3
HM6G7gvA1p2U95VXewBI,3
HM9Jf7GmpNd2DLZVcxva,3
HM9QpJFoXUsGdCWBmNjR,3
hMC14VJ78NDsKSotHYeu,3
HmfkVjNUB3X9wYzbKWag,3
hmljZYQoVN82BXJOSEtz,3
hmnKR1fgGFeidy5OHP9C,3
hmPkwqAdWUyQHjFsatCJ,3
hMVA6CuFgxXOPnt24JoT,3
hmW0kZVbo2URyzBOiale,3
HmyrPzn4LNuxQetUMlfK,3
hNboYglQSecVZ1LntIGf,3
HndZocCNMY04QBlpr7gk,3
HnfBWZ6J3L8SwVNdYIgr,3
HngN1QsVwobWqJB3RXCz,3
HNMWsfd6ShPknjGmO4Re,3
ho9d5i06MgDQnwOzUWyC,3
HorXtKLc4EdzP8gYmheV,3
hOtXLq9on7svPe4NTpAd,3
HPFuImzhBojSq8EKiRnO,3
HPJWqBhI7v6zQ9DeLnO2,3
HpL0DOwY6RN7hcGeCylb,3
hpntqKQa1RVmfJGulB48,3
HPONF4CalK7MzhrRtewg,3
HPqv0cpKDx2yzeRiB854,3
Hps7JhzwjlOAkMXKP92n,3
hQ3EP5rHNeKgWXGIaZUC,3
hq3MXxLtUF6aiJpc7bsD,3
Hq6B27bhV0lgvwaLGECx,3
HqahLV8QnY0UscZz9D61,3
HQCNdPn3ytMDrB96b8kX,3
HqO0wnbzfeNMpoXFEmxR,3
hR1KatoGrMUNXiOfHw90,3
HRabWnUoX7zv8h16F3Q2,3
hRKfPJTs2kzBviCADwuo,3
hRUbGTC1N0dezkMaiIXL,3
hRVBH2z6buFoNA7kZvS8,3
hs3jvI9Jx7iTzKPYEXcl,3
HS57ZBKpujzrE6CxVLWg,3
hS8m6ZTrn1yFukDsq9aj,3
HsBPlS0KdTuUW8Y3nF6C,3
hsNbP67uBJjwyXVpcRqY,3
HsQ5djezVw4mtEoLChWn,3
hSuPy5UBrG3FDZsKd1O2,3
ht0Lp1XYaVveSyInJx97,3
ht5AemRiZBk9pDundTw8,3
hTOJKwgGvBxb3dS8e9cn,3
htuGR4dWY0eTLVOKFxv9,3
Htw4uoGKsN37Dne5ivEP,3
HU9Fp58PbXvVDqIm4t7E,3
hUcTOARLwZp4ziMvru92,3
hUegtzYksEIxJGaj97Op,3
hurl7S8UwEACeDgOBMYx,3
huUAxkrTVYFZco27Bba5,3
huxoHMisNFnSU7I9tGkD,3
hv70Fi3rwKSlcsq6DmCE,3
hV9s7iFoKgMuRTDep8Ny,3
hVA2zb6ogGrDYKTZHLv0,3
hVLkKHYESMu8Iodf0Qez,3
hVxz0Pnbl9TRZ3t7mMs2,3
HVz3swTcIpKidhADXJCk,3
HwaNjn9qIMErWxD7zUPy,3
hwb7WlKfRcgA2CVXHPYv,3
hwcgv8ERTXnJxdFBN1s4,3
HWgqvmfE7PnXoRj2YNyb,3
HWgZ3UYk0mxrcE9Te8O6,3
hwHqFn9SxcKJCr8LUaz2,3
HWK4xCdIALnTeX5N2QVs,3
HwKW7QXLTCotB5SJm6pf,3
HWREIhidcbm5xuKqa9JX,3
hWrFmiajeZ8bENA2sydM,3
hwV2CQqmA7U3kbvOJKPs,3
HX5Tvj0lL8oVqCryhp7e,3
hX5Wt9cTyUnO0ZJ3DElM,3
hXDnx2BM6riHUSYW395I,3
hxDQjadonWvuOqbgRrHz,3
HxF89VRJUwYW65iBKOIu,3
HxiWO1uaVGkR65QoAwYD,3
hxJ5t2iHX7auyMUEQ1Tg,3
hXkaQsWRA4yLtomnPTUx,3
Hxmc6Yk7XuZsypBWlbDz,3
HXtJlrBZMsOCKDnL10Tw,3
hXWmVrauve08ACsMNqZn,3
hy31LBzZrOj98Qm7tE4c,3
HyB753uOmdz0NRFwqtDc,3
HyG52Uc8FNxgk0wnXpKY,3
HyGZgONJhVT2lqb0tjwF,3
HyITQWvZXan3zBoDpCA0,3
HYWqBox6RUpgKlsL2NJi,3
hyx7urYs1ViGUA3PT0XK,3
HZ1WSp9dEVFumCsKg8Rv,3
hZBge41CJMuA60blif7P,3
Hzek5JnwTtjLCOUqMBo9,3
HzlaKhEW2n6x0FMBqdCp,3
HzOyE2sgPmtW4lw15XF3,3
hZty2fVr5ATnjewGvPIl,3
HZXjECPAaRNxQVy2KepW,3
I09WMFrpLYEUNljGZeBt,3
i0fxLcWtdpzHqI1hDAVe,3
I0HXFY9SZJROGPl1yrBN,3
I0LV7EHCRo4umibQ3qpw,3
I0omgqZBxXl4iz96HUDF,3
I1kgetcxWaBhLoMJ8sZp,3
i1QF5bIjKc6AYl7u2fxe,3
I21HaMnK9rSlpNvoyUhg,3
i2SFanX7HzmQCjYKvGrI,3
I2W3i5wHhq9UpyFVRgzE,3
i2zSbNFKQtwAYH8n7Cfx,3
i3aXmKk5LswFcx8dYbBN,3
I3E9CHzBKNQp8j0LOlmF,3
i3HsbL1OXJ2qTQPY9Cto,3
I3hyQOBZM0Kxpmj6a74D,3
I3zcG1EdgynLPstV7bHQ,3
i4asgqmJlfer58VvktWz,3
I54GcmXZYf2A9bv3d0Q8,3
i6HCJxaZV5cBzW1NUuof,3
i6KyXHtn09sfC7BZ2FDN,3
i6rnDJdpE8gAXOyH9Lsv,3
I6sudLV5paJfZjokXCqg,3
I6zJbjtT7gxKcwVWf29C,3
i7aIBcR9ADrmsUyhQJSw,3
i7bf4rs8NXY5L0D6hzVy,3
i7OuEoAMRfXK6FW02vkr,3
I7uOWp8RalsZHt4mb59h,3
i7Zea2uqM6KfAHtICFEo,3
i824AGVjzInbOBgtHZeQ,3
i86xH3JvoKDSFXOYLcUm,3
i8bxZAEuLCsRG0WIyOBv,3
i8kCqcbvENuprBmKX46L,3
I8nKdJA3Lz6Q0mliuqwR,3
i965bg2xFhQCzfv7TZ3I,3
i9IUuFXp4GLzKxO1V0NB,3
I9kTFMd54bYQOAngUfqW,3
i9psO08wRdorlvU2HBSj,3
I9zJ0pktX2G8iL6vYMKT,3
ia4wxFc6n0RdAuKXz23Y,3
iA6lTGX7Lsy4FNHuDb5k,3
iA742pGJPEXIWt0zlUSV,3
iAG4k1vc8m0l7RXSYpNr,3
ibds3l6eYOnAuZTFzC2x,3
IBdSglcK8jHfrDXhxbOU,3
IBEoqZCidDj8LlUGg6u9,3
iBIGzWL1AFKxqUrjo0Sg,3
ic1gqvXzQFDjZ5YxkmSt,3
icaSMQIhTNrDURZyoLBG,3
iCIfFsxNyKkVzZv8cGma,3
iCjLYXNmqyRhtbeWfFG5,3
ICO4eZHTXFUnDo7NPVRr,3
iCPn8QUoEZ14IHp3jSkM,3
iCvAxEGIW5wnpmhfNK2y,3
IcVuwSpZQzmUql3OxAva,3
ICzpyf6g71v5FmNZtVEx,3
iDhagNWxZI4Y7nQ89zHP,3
iDHxeowbV73huM1G9OLj,3
IDiWpOxNgsJ6SHyFCjhb,3
idQxka9c57Il1oBzjsgC,3
IDqzFwbkhjylEV35KGmv,3
iDRvFW2NMeUKrPh5m34V,3
IDWtdRl30GLyVmPQs8uX,3
IDZ3l1WMPGcxm78SeQvr,3
IehXbMUBZRNgHu3pvAm0,3
IERUhCfHvLA2ScutePwd,3
ieUqYbvXQJhLB4NDm097,3
IeUzdiJxAXMEt6NvHV9K,3
IEwuJXUxOQSMLFyH7k2t,3
if5VeQywStAXFu3snOR9,3
IfJGXu1STEWvZDoMV4Q0,3
IFs5zKLkOMqNtubS69XB,3
IftFXWmh7B5Alnxy4DbJ,3
iG2A63TItNdQ1XZyuLas,3
IgAFqe6bJzK94danjcG2,3
igK38Wl1FjDJSnhYZves,3
IGlvaPi7VTjxkAmFb05C,3
IGWl2w5OhUjD4oxuA1H8,3
IH03dnjiQsCLYX6yoWkg,3
iH6v0dnEp7RDSGh2VuCZ,3
iHE9eFjSh5PsLXYNG2u7,3
IhFqSl92jfo3yw5Bzpg4,3
IHiArX1xcBZgv69o4s0a,3
IHimG98vhtXQ0DF24r6O,3
IhL9pebrmGl71FXCkyQo,3
iIeGdtEAXlyvJfKoQ5xu,3
IJ7PHaulCRySGjKf0DEt,3
ijgoCyseRQAaErfUHZMY,3
Ijgzo3ts4kZ9UQ7h2nYd,3
IjnHoDlh2bXyr7FmeYzT,3
IJVGstw6jylqvRrkMocZ,3
Ik710wQjPu86SnEpXNKv,3
IKblhmuLHa31RjqGNiPy,3
IkHEuqzV2fRptB3TnsoM,3
iKO6gjUxRyWH2rq5unMT,3
iks3Y5jQmILCpn8O6wR7,3
ikWOqdCK57rcjxP4SJZD,3
Il2UB7RHQLoZTeiPWt0p,3
iLdhAeC5DWmbVIBlTkvO,3
ILkqxFMRCnTa465lyJtG,3
IMbPzjHdRV0pgNQXqLKF,3
ImBUE37WLcf9PJ4kgZnl,3
IMDytugVJLdx1jbRkCwH,3
iMfxGbk126VRgczUIp03,3
IMhunfg5toLaeisPO03J,3
IMilbaqDg87y4t1TuvNd,3
iMoflC6sreq7YZ3B2P0b,3
imuPgZwAXOCS7k6DnNyH,3
iNAkPdWahDTFG8MlBtEY,3
IndbLEkgMT0ZXa7DS4YH,3
indtboM4Vuay6ZkYIQNW,3
infCxsk45eNY6QbKt23u,3
invl0ZhpcKaBLtyMTsfx,3
IO12QehGcoYTmpvb8PUE,3
IOhZiUpwmnve43ofur1G,3
iOJebqWZLA7lXSktgc2N,3
IpeJrMZy9XDfBVPGvjmU,3
IphOGU7e9aVLo1s8XkC2,3
iPIBLrzewX8YydsAOtnu,3
iPIKOaZ32BTRHYqw4CAJ,3
IpiTQaNwzv7hdnmWcb9P,3
iPKzLTFxOa5GWwQo1YIq,3
IpNGJ84WE1kguZ0tKAPn,3
ipnL25WtfDEumwS9hNkU,3
IPS2LtDTghvn1ledpo9f,3
Ipt2fgymMd7K8BO1YF4P,3
ipU1FvuxcN4l2M9zZmEs,3
IPv6izWG0r1oVaRXHNOQ,3
iQ0ZzWPnbqjaY4rEBGm8,3
Iq1eUOVbgd6Bm5XZYfxk,3
Iq568cLUZv7RVxy2dr0f,3
iQDcR43OKXIJzT5WV8AH,3
iqIar6PNOtQDBcZV41u8,3
IQJlrKuUAyj4seftWL2b,3
iqmZ5yUfJnBVhYGjLXxz,3
IqNLyv6Bw15TOQs0JPf8,3
IQsOfNUPxpZb0l8B3n1W,3
IQuKqwWjoiG301AeblVD,3
iQXbGho7apwfn4CKktAz,3
IQZ1HSzefy0jUGF8VAlx,3
IR1CwpWFqsnd8gJZtbca,3
IR9gtO0weU7DWVqhJryu,3
ira26FLCvbOlw4jy1mB0,3
iRDBIyTSNfnr93j864dc,3
IRdfwEvMDHeQVSa1pntx,3
IrmlDPzxU72SNhFbWjB8,3
iRMsohvN31qUCQDFL7we,3
IRqeDsmQajGnB4g718wy,3
is6TmBdqUpHwe8hA9SZM,3
iSaFcugoKwRrmPTDZOyJ,3
iSDOzmncxkoV39KgPQLy,3
isftHEewmkrlK1pCPILd,3
iShnob7ANLg4E13UVFcT,3
IsKl4oiejb6qy3wZALzV,3
iTaQmnKNdO3c5xfPLZYw,3
iTYV7QcEhq15JGZKWzk3,3
itZsBOpnP7yx4ocgGShV,3
iu1ljDsWoZzIU8GOdNmA,3
iUbaSXxgBdTnsP8HplMO,3
Iukne97MAiEOoY6CSh5y,3
iUMBXW25b4RIsgx78CZw,3
Iun9V7fQK2lXDS48MwtY,3
iUPd9pr2ebcqtCXR1g3n,3
iV1LFWfRsnP3huM8lypw,3
iV6KNhbmAX73uZfq1OEW,3
Iv9Kd3LelrsxDHcYhnJp,3
iVpCDGotFUS5fMHOz9qA,3
Ivwjph2yxl1gQAJGiDUO,3
IWcps27Z3F1niBVavCw8,3
iWd5sag08IpDQFHkBv1t,3
iWHoYVvyGgmCQ4NEzRU3,3
iwNno6KJ07lyFBVgfebE,3
iWsF18Ct4BScbnKHTXEO,3
IWUFk2w6THtdVq9yzn4s,3
IWxQPzmwgUTV0tauqOhZ,3
Ix2UVrZuDXJE8LRyCjmK,3
IXcCRNnWtATu1fsQ2qaG,3
IxDWCHO5VF02Gl9YqsnB,3
IxEuUnjarmv24lT8pofQ,3
IXf85MoF9UHRcgrwqse2,3
iXOK1q4SN38EUDbnAWlG,3
IxQyphN8rDiOn3dYsjS6,3
iXvTztNsUj9dJw5rqAWo,3
iY8OV2AcxubldjFhTBSp,3
IYFTBN6LCn7SEQgbPOaU,3
iygdLJ12UmnPhGqtsSCo,3
iySOCw3xsHdq8efXvL2t,3
IyTm2g1Xst0oAW5uLBQR,3
IyVCjS86zs9HbJ3lE7F5,3
IzNgeE6msMS5X0ODRrwA,3
iZPHLa7FsKXpwDTYkxCo,3
J05bGKfypeStmv7UjBD1,3
j06GEwJCPFkXusRhlc8D,3
J06r72X4nl18dWzuxPmw,3
J0DAPdNqMUiQaThtKyGZ,3
J0rnxEdNDeRzHLbOa5Mq,3
J1pPTHfbe7c2I6zFNLj0,3
J1pSxIYHluoVsGXdUOrc,3
J2NeYuA4IBz3f5KPVo9Q,3
J2PUnDWVabBmrFxKEeYG,3
J2qhWn8lStp39MUZOEjX,3
J31r0hE2xFveWf6CNwGa,3
j34R672scXmhMi5zrGkF,3
j375bQGwkDU9X18WA2IS,3
J38TtGLfwWuy90Ip76QK,3
J3yrHmKZTv5tpBlExFkh,3
J3Z47eiRfVBUtdbrODSK,3
j4Corx2uKJydnTRwmOYg,3
j4dgfzhlaw1exCvbJAQS,3
j4G3L8yMzNPkwhmE9vVg,3
J4LdiPEnT2yDVqhCofc3,3
J5RbToUgXr2wAm3uGZOe,3
j5V8KdXkywtlSHNPCBcx,3
J6eCDilQ2sMaTugckmB7,3
J6TicZvrREo1B7CnUlSe,3
J6u7bdXy8pwMaNFKg2B5,3
j6zenOwUWpPruio3Xk4b,3
J7D1FsxuEnKf0mk654PR,3
j7UqgpTCiRr1s6kWHvKB,3
J8bOFPzjTYvQdZlEeSuD,3
j8nmPzbFQ3ovqrXu9JtV,3
J8t7sprOxIUbZyg1cmBu,3
j93NIlLwHqnWDQeGA5Eh,3
J9r7hPHKaZY6eSAFptjE,3
j9ViIqQ4RXTm7hSFwblW,3
JahiBscoyeldwpEV0mxW,3
jaHTAc6MVElKrygs1CzO,3
jan6Lld9PSf5ZG4iOuFq,3
JaO8p2qFXjiNARcbIvGH,3
jAPy1K0O2qwrC4VDgUGt,3
JaQydTjesbikFpx6m9Zv,3
JARHFzZD26e3iQIaCEoV,3
jaUTIBe2KchQo3AlCWwE,3
jav8x0cXCqsOofl9MPyw,3
JbaZC7Fdx0rzD83LEghm,3
jBIefpw1x6UGi2WPAOFM,3
jBqmxJCU0dZTO3kSyhMI,3
jBuKaDNdCeyWLkElmpSo,3
Jbv0zUjcOhsALd5waN8F,3
JCA6mY29clo8LOGxaMnT,3
JcaYWHPMxb4jSBLiXZNC,3
JcFgaI0O58Am1EVtPxY4,3
jcxNbYug1rMTmGlQz9O4,3
JCzoBIAiqnR09N3Pumvb,3
jCzu57r2voR9A86hFgHp,3
JCzVMIhYuK13LZgo6Nct,3
jdcAqB7IF9bflzOVQMLY,3
jDO07nLsp3BTQSIuaYAF,3
jdqclF2YAsm4LJwZUxPN,3
JdqoYzZN0X7PUBCyvspt,3
JDWPrC4Vh2SevtkYimaz,3
JdxPDreW3hNGZljws1yL,3
je0Ds6Gax5oiTCmPAcBR,3
JEbogFC9kPnGSdi2KDaZ,3
JecsGrMgn5xWXVkyj2Io,3
jepVLK14FMHN90rgJCzs,3
JeuzM8SRYWGK1navfErh,3
jEYIT73vQGWhCm8qNFB2,3
jf1ACezG8V546aklihHu,3
jFcM7da1kw3GCRBZnHrQ,3
JfHLpzI7Za8nXSy0lGjO,3
JFiGldVRDj6MrH3fAK7L,3
JfvwSRiNO08Z4X7jK1qd,3
jGbqZYOa6c8DNE4ugLTh,3
jgc7JuLdUTfKEIiC32v5,3
jGDhfaCXJUd6tAx80n3T,3
Jgp1wWtT2sOZKb5FSAy7,3
jgpTUqt96Bv7i4xcIGzF,3
jGt4cydZi2DSfu3qbxHV,3
jGtigsJRXU0zaMbcmpHl,3
Jgtyz9OK13M2CYkmZolp,3
jgvqdXTZ6pcAebO43NxF,3
JGWcpmPRBEtarqZK4biM,3
jgZnKpTwodQu1y0AziRP,3
JH5XUDg8MOCWt7xQESRv,3
JH7LVWse20z1Q5Onfcy9,3
jhF9uVUQXrSw7bOt3Jkg,3
Jhg48uneMoXZOmB10Wbz,3
JhUKcAYwftEjC1PuDgIe,3
JhV2BbPKtQixTCMFzIdO,3
Ji7DQlNX1HEnCWIVekvf,3
jIDdt1WG4JV3zMa0XSb2,3
JINMqhxUa3Efc8QF9vCd,3
JitysIgm3CB0nDK1W4ko,3
JIX9YcvfnEK054aHWphi,3
jIyQaF8JZVE3Nzo4tLkw,3
Jj54oORSMYe7HDUKENpr,3
jJhBM9Xk6Hdu18c2yapZ,3
JjOt1WnEXeH8Mhd246lK,3
JkcvVWjUdD0OTuSmzA4q,3
JkIA4qhYunzdUt39xGrC,3
jkMgsX9OEfWmPqbChLH1,3
JKprfw8QS7yketdHLFEU,3
JkSehsCAmbwqpGPtOcXd,3
JkzWI2MAvRi64g5QGUeF,3
jl43RFd29W1mwxtQ0bI8,3
jL9VyspPbfEoQ38lCFZG,3
jlAbE5w17FvJnpVHi40P,3
jLcX3o0ivMTafFeSq19b,3
jLGqVQ7B0iuS86YPRd4r,3
Jlhb9akq5NpXnvIg4DG8,3
JLiNd1ksMDOB4P9cWY2b,3
jlPuQh3av94snwycJEZT,3
JLs2jrmke9d0hOZgITwf,3
JlZtxyXbmRfe8qi0QHIg,3
jmlJWL658GNeHOzQAECs,3
JmO7iq6nVLPrjH4z2UC9,3
jmqLQWdavNxH84DrAoJT,3
Jndgr04xmijEDKSUNtIW,3
jnEoBxGXRksZqHw8euhd,3
JNez4Z10tfKa52BDCkVb,3
jnhylIW4dLfewzYmEDOa,3
JnOV89xWwmhI4HR0XL7o,3
jnP3ldrIwpWfEg8ODV9K,3
JnvWzaTAF4NbM2hqXtYs,3
Jo234aEArMdiRlQSD8g0,3
JO2iskzUlBVGj6Y4PEZc,3
JOaTGd7Pb2ekRXMHu06S,3
JoDLpkCx5ziwtAU73NVF,3
JokgKM4C3RYe0Atmv7j9,3
JON9kgnBYK4WXdoElIRQ,3
jOVlvmtXnWKg6JFrZLTG,3
JOwf2KBpuhVneIb189S3,3
JOWv6HNY1xwuqPrICEdR,3
joxp9R7SOzTvsLyiru6A,3
jP2yCZi31GWFOEVB4k8x,3
jpe3QBXGNsgbTJcRE4AM,3
jpkIrHe201TamDoXqEQi,3
JPRwxmlWVazpdnYtTf6N,3
jPuWJtg4px1DwvFAVb6e,3
jpzob9ECS6aLQDiYWTkV,3
jq7yDM0YvURn4mlhtec2,3
JQbyODV7raAtZHldLfS0,3
jqh5tdZW7RfngvkY4B0U,3
JqmfZtMAhIdjSs6pUulT,3
jqNt0mQMAOPZDHWxc6sY,3
Jqoa4MAO197gIvFxHYWU,3
jqV2ma0FQyYhcXxn7siJ,3
JRpgnDye94P8crMsVNHv,3
Jrq5tba9sMkDvpe3EdXK,3
JrxO687zPbmCVTacWq9d,3
JS8ZjyGstceXaxVgH5bE,3
jSbcLy3rlkYhEd927p0P,3
jsqeT23MYgH7ytdxDUki,3
JsZfmrqkFHCBy8YIa7nc,3
jtbI230ofwYMxRuFdpzX,3
jtEkniTysxuqG6DhAX57,3
JtevPL4ZkR8c0QVuyAni,3
jtQ2rfKXL79cdBM5nwDW,3
JTQc1mK6P8bI7zF4f90r,3
jUDRevNaIGil1Tp7SOks,3
juEShDrt6lY0wJCp9icX,3
jumeizJhVvb4dlSn3M9Z,3
jUMquAi2SlGwP5bv6tWg,3
JUr6yTFW3ExqApBt5S2z,3
JuUnQZ5ef8BW4aG1VbkR,3
JuVXk5yQvxpOqPh3d9lI,3
jUy3cSnq2h9ICJkZ1HEX,3
juYnlMbR7SmyqDIPzZXO,3
jvGIm6Yu2XKcE8hr4gMy,3
jviZUT0mHFqDPVzrKXLu,3
JvsW2yaUokpXVcbhlOMu,3
JVxhvaMDsj4PYBelFwOu,3
JVYGACXbeMWgP9hHsocD,3
JVykPqaQI54ZfizrLeEF,3
jvySFY0Moq4iC2EuU1HJ,3
jW1wp9ARJTiFdD58l6V7,3
Jw685f7jGa12ivzFxIHu,3
JWawnfh3HmQDGlzXbIRg,3
jwoQWVg2BdHpPO4uJben,3
jwSaizlJICMDZyYkH3FG,3
JwXPAuRDQva5FYe8t30z,3
Jwy0VUxr4l9aCQFNp15P,3
JWZspDnaHodqzRly0fMg,3
jxfzc3Gm0oW5ID6bYFki,3
JxGT97ynUebwfFQZvdu6,3
Jxk7hoBREPTaL6vfQj4w,3
Jxo85BDNHMavFUSnplZO,3
jXORAVkMBKhU0gbS4126,3
JyBvdherH16jbUktYL79,3
JycBQ9bRKZChEMI4DWPe,3
jyCUclPuFnL2Y8Z5meRg,3
jynSzuQrYfI7eGHWKmPZ,3
JyqYht41w6dOsI7enAF5,3
Jyr4P9SzRXWmEgFwhfub,3
jZ2YFw8xbaWQUtiIeX5o,3
Jzbqx3eGnATaDo4IVWjL,3
JzjCVcOdPxXeqAinuLFp,3
JzqSF8afm6XETrWbLpHl,3
JZyx7pL2ueEr1Nwlj8aD,3
jZzi1wtyQf5L7HuTO9hU,3
k0LehV4nOdwpWZ7DmSbM,3
K0Z2FrjYgcqoQaUuOGWP,3
k0ZLV6BAGJySHuP3RK78,3
K107ZHO9Xzc5aqiuxUmo,3
k152In6fHJEeQrmV0TUS,3
k19jiUAosZqJMnveuxt2,3
K1cOhi76tkCvbNxPfLmD,3
K1lFzHEd9BrbaILcmMsJ,3
K1PseDmpHfo8OuhUJtA5,3
k21wH4fuKrALS8z9hXVO,3
K2jS3nvYxiVstye7IcCO,3
K2ol7hqUFu9A4kIXMnd0,3
K2Qg0zhpUmc6xiYnlXZH,3
k2wvGcVaD65ZSeHqKtim,3
h9amYlEipKOJtCN25uvB,4
haMeQO6Y4A93ipELGwXF,4
HaTioeY3kbvJW2LXtOwF,4
HC1UgrS8istEpO0A7avX,4
hcnS2PgZufMNXtQ5GAz9,4
hd13cetC4NLr7TpAYxui,4
hdJnQNkT6b4yDeVwaR3F,4
HeJ3ZCW4yLRrdktsnKo1,4
HFQTfjJp98VMhYeBrkmd,4
hHnpTaPYU4StmeC6yNxr,4
hJw2Om4LxnIBFKo5feua,4
HKgJMPYDlcUmF74G0pis,4
hlmIHcydkXi31VfWpTG7,4
hnGHbT23JFgl9ORqPKuk,4
hO7VJNqLIXrfFmZAyeMd,4
HpMdj30s7EDPkiFLWvYy,4
HUODeWwRlv1aJKVT3Gni,4
HuqJS8CAp24F1aWeLtIo,4
hXkf7nxQJEItSC95GDad,4
i0JrWpyNfu5vV9tzahSY,4
i1OyRUG9mCvIZYD6olNT,4
iabhfQKo2XPgrGpdZStD,4
iAFZ8be3gGIJcK9uHwEy,4
iaHNVLkKABMznmxDWFZ5,4
iBz3MaqYb0PplxDhgTCN,4
ICeS9QhkFyus07p8PRWB,4
iClgu3d9HaVLfXhUzkIG,4
idDSEvTsVqZhI7MlKnGu,4
IDZd8YoXcfnmkEUjv5Ba,4
ifJCRz1vL0eu4ljIZ3p8,4
igyFEdlJtGwk8uT2rnNV,4
IH0aSRoevUGE3k9FDhJA,4
ihT109rSABLfdRNxvMGW,4
iJpgS9hMDuFrCTItyokl,4
IkdgWAqnBm803YZfuQxX,4
iKQcpTlzFkgrb7RJyjDs,4
ILTHy6snFQiapuxbXS7R,4
IMA4VZEdYtJ5Pg0bRwLH,4
InuTWEf1OgdiQD3lRcHz,4
ireBgWXwZGyvjU9aR7P6,4
IS5gEHZFc0xpPj86N72D,4
IT8nb7MvO5QZptGjNasH,4
IuDWhwfPcYTK3LBovO5d,4
IUSuf2hBaRG8yrNJqDHz,4
IVk2Scu69wdmQ7tEO8rY,4
IwNUoFX01y2aBL9ZmObh,4
IX7eM5rAgK4qpOjo9RDT,4
IxVpXTyfqWoj8ri7sMSc,4
IY9HnrhqPomv3L6bAzeX,4
J0fY3O5lUmuNqVPBDRKn,4
j1lGIRFzMHXnVPZ8DQBg,4
j2gBF09pxTcfIPy4kwJH,4
j2pzLZUsYTlKG7bVf9Fk,4
j2wLH4fBoVF7rJK0ks5t,4
j3MZQWRstbSx5CG9mpTn,4
j3tdbX6HDPxA7ZkBUpvG,4
j3thgSImoFBZAPsrpaqT,4
J8pdGbHyWis9ToawOIMA,4
J9BpcFqysLwr0YHeNt2o,4
j9fqwK78kFxmBWclQh2N,4
j9xpRuC3HiYyoDlQ6JFO,4
JAB5De4OMltSf6IKHo3Q,4
JBEzM0ZsuWaDt8bLypPv,4
jBXul1FAgEcKxO9ZYCDU,4
JbzyqeI9ThRA4LWQN823,4
JdKvufgTtHEU9qoMxFSW,4
je4HWtx9M5ySpPBO0wgf,4
JeR146WPmlVnxKvQAESb,4
jERVLnaTwhHFrZbvNfCy,4
jEZkrOP7GayNmiXdget5,4
JfaAGUkRVNxCwqdb6sj5,4
jLtKBPl5Xk6peO9DWucy,4
jOZMUJF5waGhqLQbWsYz,4
Jpvuw1BibgPOt0SnKD9Q,4
jrg4n6P8cIGoSBXyWAtp,4
jRwZmbJetAvIcqKVYDrO,4
Ju4nWgOCHXBlyZmTo51e,4
jV8cSxM45pXgW7JPo6qt,4
jV9q0Ae8pCmL7iGRDv6o,4
JvHA2RcsbZqDQ5ETtog3,4
jzf91HDNIbFMPaKEmZvL,4
JzHoWdVa3CrB2qOR1NbL,4
k2uRGpoUItiWrTga9ysQ,4
k2W1nfmMKqwIPxsl6ire,4
K4IXeqoLWvYJwg8thdrx,4
k4x01p8qFl7i5tbSBDJf,4
k7pFAZu4qLvW3o0hNHPf,4
K9kNdLS83clsP0wDFObZ,4
kAQCMqUNsZDoribmvw84,4
KAVHCXZWDib1zxPOqINJ,4
kAzywbamDKcOWFgZGTQ4,4
kCyuYhjLRZU7XF52NVzo,4
kczYF5vSxW3ZrilfJesd,4
kdzj2p0qHin4fMBCaPF5,4
kei4pRX9ENQaKFsLcOU1,4
ken1LRYK7B4ryGmT3MfC,4
KfQ58FVTkB9sb1i4u7zH,4
Ki1pYrmszFSjuWUvHIqk,4
kJ1a9c6NoCv4DqA7Hh8R,4
kjn4yXdo0iLCmZ9GugOV,4
kl6Lw0U7WYT2biJXhP3y,4
KLc2AnjgPzWCTqV7iy0B,4
KOR9MFiqcBYTZ3UksX4l,4
kRUx3TuoJSgp0sqDzNGX,4
kS8dLUGCRbajYvJZyDPe,4
KsaoU1ZWTfqSFYbOxPg8,4
ktjMBCYU054Nh7GfT6sr,4
KXy5fwEeZon9r6bHAvRg,4
l06yuHvrqdzTo8CQeAO5,4
l1yeU9NCErfuov4GIXj6,4
L2PXN61rS7ouyCA4FR9U,4
l387nbiI4TU9LNMQt1Fe,4
l3iRBsCVb4Z81TLNxSgM,4
l4UcKFH3ZaGOvsxnzYdC,4
L5MO1uWhDZ2yplTkoRUd,4
l5zY6vNZbOKF07uSn2Am,4
lBuYeZUbtHQVsh7Tn2NJ,4
lC4sdkhcZS6zYaE53D1v,4
lcqv9STBAX20houtQnR3,4
LCrZhlaY3MnDA1GKwtvT,4
ldNfaCpceLnGUE0rPzqF,4
LdYVqZXi4EpATxvmBcW8,4
LejcaXxAEgC31WhlswQ2,4
LEnDGzVIjHaqmrPMJyR0,4
Lf5U8qioZ9yOkjrGT37A,4
LfVY3tPrRZHGQ2SdJm5x,4
LGbDxkN6wV9TedtYchBA,4
LgeBlyYQAD1NiVGRuxwk,4
LH5pzdDSPOtgIaBC1jWo,4
Li5YIMaubo4TWtEV7gxs,4
lIROYxmjTw8r2A3HiQay,4
LivEmF2ytpsDexIVWuYR,4
ljFT1KeZmEiHxhuRbrcd,4
ljuryB4bfagHqV5FM9Ae,4
Lk2VPl51Q6mwrAd0jhic,4
lkqEXK4NrYSseRTt0Gb3,4
lLvracbzqACpwsUtnuHh,4
LNAnljesrEDma5oUfVZI,4
loIP1tiwELF9YNZQjSUO,4
LOP6HaJKXpkic5dyuVnT,4
LOqA6FX02GWguYrI1Zbe,4
LoWgaidpb2IUM5ACcSGO,4
lS0IVqXeJrN6Dzi9Pap1,4
F6nOrb9ipd0SskWuJjUw,5
FdiEeV3N8WtUSXjmcrxo,5
Fnda3PuqJT6Ep5vjOWCk,5
FsirpP0oDwXeAzC2KndG,5
fyH8oWql4rg7tEJSLpIB,5
gB105vrJPbcGCtuj7p4a,5
GbTUXFYkMoafQSe1zN94,5
GkMBlvTidr5oyYOVJCwc,5
Hc5LqZVK2yzlsb8BEfdO,5
hrguW0CqMt2mJdfvX8IB,5
hZiVAw5nREjHU1qodatK,5
i8WIr0dtVHSGMmwFlcUY,5
idjesBrKybwkzPXMalUL,5
g0lpdR9EGwDQCK5f4LhJ,6
g4EyujTPMQHLfVIRlDWS,6
G872A1ZdEnxBbX6HSYTc,6
GaNBEjUSeVQFLi3mcur9,6
GApUZMLD5BgbES0zrcYn,6
GbcXlTxkFwUSD0La8Ahs,6
GBUMvuwR3QHfLSipOohk,6
gcbsVSeyXY0MGzT1C9v7,6
GdyzP0X7hR5juQAVtL4J,6
GepfoxXH5VWKnhZzYl6U,6
GEs5ryOXjLYVdAM7qK8z,6
gEtM2pIuKPOxB3NXvi6n,6
geWrd0Rkc2AsuVBJESwi,6
gEZCMz90lrmI8cx37FNT,6
gfrQ2UK3LFvRCMEop0Yq,6
gFWLibev8VZR2pntMDUN,6
gG23n7f1CLM6mZSrjIHb,6
gGzsUi7cRx04EC3aoM1Q,6
gh38VeyNnLw0ucFzAKdH,6
gitPaXxIMeKOZRTW2k34,6
giVwn8ERCZrvfSIGFmaK,6
gjtvRcKedfDiJ1xAk0wa,6
GK590Jem3FA1kspq7PoO,6
gk8xFmXc9QyVId06tvlu,6
gMnlfq2FJuTr0dexUNO7,6
gmqz2kCeo9bVnEhWwBLT,6
gNOcktmwv3FMZ4TH02EJ,6
gpJlG45jTBiCV0ytWzOL,6
gPz42XwWbl7JVAQytYxT,6
gQePb628SxKWtsRZcFV5,6
GsuSRCHvMtXQDYAkiKWw,6
GTJNch5iVIrx3kA74uwb,6
GvmD1XAoOxPfbRwF2jEt,6
gVOE7DmPnKrA2Yj5Fz41,6
gwf3X024hVvFkxIZB9DP,6
GXFP0dYvns5NoQtIBECf,6
gXHK1mV3DGIftCOyrk5h,6
GXteK0J692hS4YnpNzWu,6
Gy1oZCVBQMzrF2WjKp3g,6
gYnkoJDBsUPtj8N2ea6R,6
gyZztfseanvGp5uX2qix,6
GZJ3hp4v8AzVB6imf1Il,6
h02fDAK4zjZX7UmsJVLg,6
H0MWhBng75iZPVOTNdas,6
H21YgbnrauQ8CdyXpDlW,6
H4lKrjuZUTVAsgiz7kFS,6
h5ZBNR8Ag9YMIdk0Plt4,6
h60RzHtWuaqKJU7s9lVA,6
h6O5H92YWwJ7r1pRELge,6
H6WRxDPro0tUmKV3pnOS,6
H7Z6WfoCrxzSjMVd04Dy,6
H95BXlwhOQPirqy4YoRn,6
hCB0gLKbrE2YTwa58Qk7,6
Hch7ZabpYeQx94mSA2GL,6
HD3SgIFw48AUElLe57oi,6
hdGzSti0HYqTLaZ4lrmv,6
HdngzBjGvbuhi8aJm7Kt,6
hfou5GTCL1HKIYcUEp0q,6
hg2kICJZPVS1czF7mWLx,6
hgGqekm0AoFu7CZTnENQ,6
HJ68L4XrwdsxCnZ37bei,6
HJEl5j7Rz0OgarybNnh3,6
hJUKWFN7TtXmZgqL9kM1,6
HKD6kbY482MvpV9saOhi,6
HkrQFoitPNOjaUVqWIux,6
hlTCsg3kPWYGzJAcLBK8,6
hmvEcK7ZPSW3VrMyuB02,6
HnAYP2v0CXfpmdBOIqeh,6
HnCIJEd3foNTBUtSv7wK,6
hOlL91KTQSUNmYyBqApe,6
Hos7LWmZR926VO5Kcgpd,6
HPgEAKLnivQmBkXh6jFc,6
HpjUXbMnh2rv6KVQTCwP,6
hpqvBuROHrncA5E0fxjy,6
HpSJQCGdyYItqOeUuo3A,6
HqFd1seJ8IURTuwDbW90,6
hQkVSfRNH7Jvup401YgP,6
hqw8ogsWNJYEvS7c0BOk,6
hqzvHQ4UBkTPinujM1RC,6
HSAm6wFQNzyb4GvscWoY,6
ht5xflFqOHX0p1Us7PoZ,6
hTe1goq5BG2YU7kQiuFm,6
HuD3AtnJlpCVLdkIWsZS,6
hUswQjfHbyK0z15ZPvix,6
Huz3U7hA5kVnJ6q2QcgM,6
HVlorUn2MsXN6BdZghv4,6
hvrK1mqLoOAniPVSXbQg,6
hwxS01rbZ96nIgmUPMLN,6
hXGizHjZ12qRYLw073eT,6
HZtnNhLC0wQY2gverD8q,6
I06AelmRxp4VrS7OUBHL,6
i1hsFQal0fbxepMygR3C,6
i2BcTkGozeNaIH8uLFV9,6
I2QaRs1y4TmZVLwWCPv7,6
I3NCymSAn6soGWjLPvwE,6
I5nFDOpfAxyK3CStBieU,6
i5u2KDJ9t0OyAdokafj7,6
i7CLX9fEoxgIDnrS2Kt6,6
I7LJAB2rbs1XKMYVmvdx,6
I8GxNTCH0XVoJ6FamwBD,6
I908mGcdwzlf6oS3QOFT,6
I9yrDjPY4kMqU8czFRmv,6
ia5PCMb1LDcE3oBKO8vm,6
iaImWBFPQdAZG5zKORE9,6
iApTH5UsaDKtfjOWNuJb,6
iBwVcOQ6hltTIaZp1SFk,6
iCnEzomH19dKjvfZQ4g8,6
iCTM2UR1WpXF6kuG7zHv,6
If74PKxzUtEXwO5kChoB,6
iFCQuWqZXf75M1rwYJsT,6
Ig9ZEaGmMrT1lHJhRPQx,6
IgAUSCnimJ8erwFljDP4,6
ih6zUfGZWmJpQrXSCbsx,6
ihbKdvnE3kJf0oTz8s9q,6
IHyNhQvYnwlsr2fpOMXL,6
ijsaQxUhdyZ0ReqYklbG,6
iJv4tyTMw2QR7qIF1LUb,6
IlSeoJ68B1bWqwd7kvM2,6
ImxloiQ92Xvz8ah6peYM,6
In6if8lCGLEuKVtDcJNp,6
Ine2sQjBCd4oqpcbSixO,6
InV3KRNESFBqMHUDabGw,6
iNWtL07ncSHTDa2RC8Mr,6
IoPNU9sX4CqjaxABizpR,6
iP7SnkW0I6OzuVJq9erE,6
Iq6zLDfSXargmVQAZbHl,6
iQjwfWnkXCbetmS3sg01,6
iqS2Jm1Iv3GCEUpof5ua,6
IQzSymvVCNgMr2qWZUh8,6
IrkaJzo10g5Vl82vHLf4,6
IRKpJdD1rqZmfC3nsWHi,6
isqLdxNQRBISP20C98A4,6
ItFJGq4xniKuQ2BvaYOj,6
IThBzvVbMReu248oK3UJ,6
iTUoxhFD1X6S9lrM8GHq,6
ITuyGmaJlwE1Yfd6UZLO,6
iTxBuDhGr8bFeHn2qQ1N,6
iUzHpeNq2fWxC9j6OvYK,6
iwJOhQfj1vm6qbGcE0ZY,6
ixEDUaglAT6ZwM0FGCSu,6
ixTICoNORELUk9wlpGa0,6
iXvRMOL7t15VljDfyIPx,6
IYACa9WBVQESgJTDtfXh,6
iYM4CwymksIGXDHt7uAT,6
IZWuOMidGxg1HYNP9fJr,6
j1f9O7g3wFBd5GqlKNML,6
J1OuMlSZboYIRXC03jQD,6
j7EMTLk2BV1upcU9tgqa,6
J8pNXRP9FacnW7ivEYKd,6
J9es05NzjWripUYxb1tq,6
J9vHglnKXhiYD4716GWy,6
jAcaJU6eHy14LPGbnDmT,6
jAVrC4FvT9kpaIEY0woP,6
jBRENK34v8VzuSOUQIFJ,6
jC6QJ5RarVUNMAfpsnbw,6
jcH6s8DNVoleU3d9tiZL,6
Je7HmzKCW1ocBG3VdOvl,6
JflvaIrSi4x0wkjZVN59,6
jfoOKUzAhdHWvuLeJxCN,6
JG1LeckMOuCUwIzbn5Wg,6
jgHCV89D0RbYKqhxwXMi,6
JHD78B2ZYFw9lNqSKjsQ,6
jkHSGXpMO7iChRulZd5Y,6
jKSfaQzPoOmT7np0IsuJ,6
JKUEA7PuiXYmyGkwQ2l5,6
jlOU12YZu5dLceTICW6K,6
JlyfLgRt2pYs1cmZeHXE,6
jM0aVyQfdqBhODSox1Ce,6
jM2ezG5TVpPDmlEBZN7b,6
jmvJqEQ1VNh3ukH6cIRK,6
jNUAeECmnsxGJlQrTubv,6
JnX9eYfjBik8KzyGE7sM,6
jo31Zp8ISmPxHkr5R9Vw,6
JocNhQ0k3YVagXdWFwb4,6
joFHWBAZySvl8Ea1LD4N,6
JoU0zHnMXLS3pRCxbFaY,6
JPmXNcrqjh3GeDu5ZnH1,6
jpywtc5sbOmi8MJegRrf,6
jQFsKBUnJC8qGSx34M1f,6
jqIy4VhtwkTvFlZLYHAa,6
jQqeMNUahpkbZI18c49o,6
JSYQ5GPfsFt8H0VRDdZv,6
JtWBSmnZzAXRlsybcNPj,6
juGVt8nSNeo7OJr2p0md,6
jUhyVv6x9WIpHTmFutba,6
jv916D4YpO5LHJVWlCna,6
JVdaIxt2DBu8Ez0cH5gY,6
jvdxgat3YnbeTL7Olh2F,6
JvK5S9pskb2IaXBLHFz7,6
jwG7iS2FOyNaUY01QC5x,6
jwgGHFRmiL6BlXrebIuJ,6
jwJRB9KOeGsc4ME7WXuy,6
jwT4zVKNylcEQD92hvU3,6
JxCiRHy4M6F5Kw8rDfjq,6
jy6vK4hB8Z2eYMFXdkbP,6
jYq1SsZ6hHofN8UdMIy0,6
jYWpNLrtc2ns0kMizPgX,6
JZTskw6jx4X5hUElbWLR,6
K05YJpcfyTCU4EdShQI1,6
K17ifkYqXgNOHav8uzCL,6
K25LZ9q8BDCWP0VpjxXw,6
k2XTme5cZwf3Y9VShBn1,6
k3Vna8Fm1WodsDxlTH4N,6
K48cme3a1Bsfl2xoG7dD,6
K51kg4QuOW3zMeft7lXU,6
k5wXQtLF1RumvGs8fSZc,6
K86VgF4pZnPzHeSkqhtG,6
K8oHqBcZmDrvwJP5UpOt,6
k9H1WjlnQPASt0mg25hB,6
KBfcF596eUdtViub3ZrR,6
KbrE0sglYDaU2HjM4Rh5,6
kc01Wwz52sCaEVlFXgpG,6
Kc1XJamkjDW4lB7VtvLZ,6
KC4y0GNUxi6AvuRpQwsj,6
kc7Nvnm89I3FdoMr0YOR,6
kcCrogv0Dhe6A52B8URa,6
KcfgCTNF3aMdqJ0jyWSG,6
kDyOh6d8WQNTEoxJYUg1,6
KHmRYShqZacoQEOJx862,6
KHtk3pyb0qUlQr9hJda6,6
khTQWFojGfuKZcS5C3VI,6
ki3Fo5dh6yWAqOCBrEXP,6
kiLT9E8NrJAdchnwvBt6,6
KIMkclhHJbdsR5218rzq,6
KjC2x6liRnkdpaBsuUoV,6
kjQFMnf7vADCqtX4ai2u,6
gUSm1WN6PBYQabnrLs7h,7
GyRxVEwf1DFl5jJrsZaM,7
H24gZfhreXtDJMjo1ISx,7
H6Vad3u8gEOPbwveYCrF,7
H8sU2tgdBIyEuOr5Ke7X,7
H9tYbAiz7dZ0WsM6PEm1,7
HaxgVnrql4bk7FEot9Sm,7
HeSRou1ZPv5rNK2Wnzmx,7
Hf2WOklmDrv5G6cEba7h,7
Hg89VOKL6ZYk5oSC4cMU,7
hGJZKoMdcW9s6SEqNnOg,7
HiXUclzIL2rEutjB74Nm,7
HkzCqPSGNEh8Z2g7oXse,7
hmxjukz4UBqMPf9Jec6y,7
hNKoiFSWrHegX5pnvfRA,7
HqwX8R5sQb1oVB3uD67O,7
HQZY7q3BvjlrANFkcxT8,7
hSNv2TgwqX0Ip3HnVFEj,7
hTvkHcPfw8pLuUA2S53z,7
HvODZ7dlIkSCKzyP1pXR,7
HWhSIz2mFVokMc4E7CaQ,7
HwOsZC4B8VSEXoa5WyqG,7
hZ9FgpT4IDNx2mEi61r7,7
HzGMQNh0jB814iA5DbYI,7
I0aCQZhSgGr6kTnD8Lv9,7
i0nhIRJcsq6BQCpmNVlj,7
i2LJZ9r8EQXCk04I1GUe,7
I4nGjE570138M6hqXbmA,7
i4UOK1laRc75fyTjMQru,7
I5bhsB7CcpUDVn8Yglwy,7
i6GulvUznIrgyAjRE4YW,7
I6pNbzORLrq8uG0cCJPi,7
i89kvPU0R3EXQ1lZhyxY,7
i8gKknCGoFD5tzvVhEfS,7
I9zqNg8Bj7RECDreiUX4,7
ibDT9XVyqJNrcztvEHgF,7
iCN4jl26qfaQxTAe5Jzh,7
iED1fIxnGyWRLuYNvl9s,7
IEfHPXjJ9b5vz7cOk4Q2,7
IeSLbp1rGWqQAvPX3T2j,7
IEydq4pSaBUO8v5CK2Mo,7
IfzlswKZpUR0HqPJM1d8,7
IGE0k5g4oyYmOKiAZ1ut,7
igkQD6GKWXUtcA2Ca38F,7
IiMh65quz1NZmrfFd0py,7
ij8Lk6IpxTzC4WUH79Gv,7
iLBzkjmPncOKs7f4FDv3,7
IMHkwmYq9OQJ7iVzByE5,7
InKeBl2Tt1Oy0qaLWXRg,7
iOj4fAeuRb92FNIzQoDt,7
IQzsyO5M0t2PSqCuT3h8,7
ISLVPKT1f8cw92bsgWB5,7
iV7KRuTdvaMeXbByhOpq,7
IVRTstGWhAPOdgY8UZiL,7
ivrudVW0BGmSOlbqH6MY,7
IwgVeC9qRbUkfE6Q3HTh,7
iXQAH6xIYeLSlCfdmWbR,7
Iyjk3mOQfLnRTSqzdCJ1,7
IyjtB6DFWvnTYw1E934Q,7
IZvLMWGkFTNuo91UBpn8,7
j04fOHCJNI2TkB3lPVyv,7
J9fHxpesDYtIoUc8uZy2,7
jCrTVsM6f9SOmRP8p14i,7
jDJ2lpYeC6OLvPqWGIsa,7
jfn98b4a1ErPWx3thgCN,7
JFzDLwgruBncYCdN6KTA,7
jg6klbOWzZANyhPm0uws,7
jh371q0WXKwZP8gynubU,7
jhgdqC2e1Z4inImTQKvY,7
JhufrNciMQKETOUGZ8Ls,7
jIaQr5sp0uDvHFnkh6GY,7
jIu3J4ovLPUOA6ngmyfw,7
jKOP7rSszpF6dhNHQfua,7
JMaEzg6s2P0n4wSIyulO,7
JmkbRz8HhX1pxuCvUoyj,7
jmPeQlFEcqyRuVwrJTvp,7
jMtLuy8lJKkiomc39Ibv,7
JO13oAGWDQHpUmLE8FZM,7
jOTtmr8uJvclSIBf1xHo,7
jPwdh0NtUaR9T4MIWcuE,7
JrminDyluvTjfcp1wA60,7
js068WDIg1hXYHKPriod,7
JTAoQ9miHalVeE63PdBU,7
jTgCQwsHRJMLbVrZYxe3,7
JtWKrxZDdMpCPNkRLEbH,7
jWN2deuOSfDhU4cR6XVA,7
JYEvhBDFS2aNocqUwkMb,7
JzF18ftmDC3VOLnIAhWP,7
k2dfrliR13sGtuCTc4B7,7
K2QNGrnBZP7I5MiF9kUb,7
k3lUV2ChNYupKI8vZxme,7
K47QO8LZycVNdTRu2F0P,7
K5WyCRrPOn9bkGfxgY8v,7
K786iNwZCzFfscSOh5u9,7
k7Xf4A2MhsF9jgiD1UGE,7
k9Vp4RQczHiGXIJ10qMf,7
kcpjm3bSZFrIltvNVTMW,7
KCxI1ZA3oiEqc8Xe4MkO,7
kdmNfXGWslxUa3yATSFw,7
KdPahj5FQB4RCbNEzsnS,7
kflLjmJz8FGsprySOqoX,7
kgfPdjYxa5GtleWVrvEM,7
KgiNFPOsZn08u9BEhWyx,7
KIhyTXLF9rMqtHe0WZVf,7
kIpOXia5GrTjeNzV9K13,7
kLaYBGOTINF3t5HvqJmA,7
kMdOa9cZ3jw8GUFu52Tq,7
kMDrx5LS2P864CIwNiVs,7
kMJ8PQiEqdOx1wmF4cKI,7
kN2FUugrtwA3nhWd7bBT,7
KOsC9hgvbu7QEk085FZp,7
kqiOdVbRQlB2s907GLMv,7
Kvxm20yICftr8djGVqUA,7
KWg8T3NOYaQBF0tMqLm5,7
l0PMq9Be5ft1ciaF4IwC,7
L0xnGubfYwOPpQAgVNvo,7
L1o7HeFKzONsb3JvRy82,7
l1OdNtIKM8Gi6jowZHg3,7
L1OGj5BEh2drf0Wtiu9N,7
L2QwdUyG0HISDVk8rcsE,7
g6ClWcYBrAHskpjGXeFE,8
g7EIaKBGoTkcMCeqNXVx,8
g7qEpdzW3mhFL1Tf0kHV,8
G7rLkA8ejxVycE2Bb1gP,8
G814DYsFh9PKktqvwiuW,8
G8ukS97hQUnO13ZIXoLM,8
g9JF3Bsk2IQw1HvxEPpc,8
gAb06acf8NMh2Xwj71HJ,8
gadc4pf8XmvzYSNTyOMF,8
gAdFOfVQUxbq738orWZC,8
gAq0iv5oaMkEt3eD2c9V,8
gaYrbUuHQn9w5q1OdMcm,8
GChmH1Jo4OXUYR85E90Q,8
gCQ70meuzrYAFaWDxZJv,8
GcSHUvqg73Kd2fhoEusr,8
GCUmV5Iy1LpqM70ZYoKR,8
gCVdj7N0JfPO2Yuh9Xp4,8
gdoH4F675iWmYCT2OrnZ,8
gE6dlac4mB9VrXCLID2M,8
Ge7L4p2hWV3zuMDRmOyQ,8
GeLtAwMsZIQoD0BNuhjr,8
gEYi9wkRjzF31tqlsJ8Z,8
gF1a0ZIBcAMKpJtOW5Sh,8
GFLxvaBSrfoN5uUA3l9s,8
gFNGYSsVAOx58JEI0laR,8
gfSamebdC3Z4NFt5lonM,8
GHfp03Ls1VE2bjXulTqZ,8
GhHS0zL9cgNXFK6j1dIJ,8
gHPbaK69RwpGA7nFtuvU,8
ghXjl4pkWPETMiF1bruL,8
gIhON4ojsvuxBfyJ3AMP,8
GJfln1kZ2ecOgXrv9Sht,8
GJhmONp2RTcoHdrKgBMi,8
GkfbZrRKmgFxq0Bypazh,8
GKkjcrNlTU9D8LJxgZoA,8
gKxq7SlW5RUHM0ru41Ta,8
GlduQtUf3I1hAWYwyFLs,8
glnkDGXbTaC17YL3JviW,8
GltvVHPJ9eLNj48a5CBR,8
GlUnrYxyOb5XQhFcf4Su,8
GmH1ULjobZKMkcVRyqQs,8
gMjneCJIuS47bLXd20qK,8
GMmILXek4Tuh5iWbOrjU,8
gmpkFT8PMwjOhXieuQKf,8
gMRA8HlDUsmd3e9ixz4h,8
GMw5FUkrDxPvy2XmV4cJ,8
GmWXcKzaioDnkAO9qVdt,8
gNJbXWCpGnZjFq6Lzs5Q,8
gNQ3UDOX98dJqLmxvuSc,8
GnTwHMeljN8m3PvWBdLQ,8
GOCxdg4XrQYsZvKf2eNP,8
gPHcAuKf7dCx5jmUptWN,8
gpQPsBn4Hc6uoxmFbYU3,8
gpsAGrcBhjxJaoL7NqYT,8
gQIhxTb8e2YmcACas75l,8
gqm9zEewrY2hDRBTixs6,8
gQObujvhty1CcR4p6YKX,8
GqPZCULjirRngSyMwmh4,8
gquE91nRUy3XjiOdBfhW,8
gr4aMsZW3fHNbiP7eI5d,8
grm1u5UkAvVC8obIKqi7,8
gRVxvlkb6h50dtYCEPKW,8
gsxM1eBSQobH75AZFjOR,8
gtiofz9cBwuYCHjyJTdK,8
gtoDIM0zURwQ6ZdLx1JN,8
Gu4dsQRY3laT07VkhNqE,8
gUqCe4oh1H7M5Y9EJQSs,8
gUtJqTPNrOZIkcl4162e,8
GuUDslMrhy9KvIoaHAbk,8
gvbqrcCMfOkaXx8J9FUe,8
GVfB3ExSgaYNZu5jelOU,8
GVHXY92sLJm84SIpoOQb,8
gVzZU8WGxyoR07FesaJl,8
gwhHpbvS8KsCYq9iEA7y,8
gwjhnyxtd8EsiPb3mkCL,8
GWOV07nzb1Lasfh3wYep,8
GwusdVTRkYeZOaAgcpHm,8
gwXl3eWLKuyCDncbaMk2,8
Gx3dKXvNTwWPFM8oZisj,8
gXLSZjPsvM1BdOnJGQhN,8
GYo8tD76OWx0jkyIB1iL,8
GZ6Js1Ma8A2OXzqdlUxW,8
GZMUBgvzt3brcfsh84iR,8
GZndsp4oXvf5Wzb96CQu,8
h1A0cfYFC7vrnDRxNXHa,8
H1CXVrKs0RnkxSFzOjIp,8
h2KnxiqVodPEjrCGuF17,8
H2P8x9X5ay1OksdVjwUo,8
H483RDhTj6vJenicwzAy,8
H4mO5vLkBgUd1eFixXoS,8
H5QR3qYhCvUI6px1oaEV,8
h7eLbvRPOmF8GWnSV0td,8
H8g7nCGOSqwQ14kAozmt,8
H9bGFP0xjDkldfUmX7vA,8
H9TpyBucANdDhLxaES0l,8
h9uzeKZxisW1H8IdXbGt,8
HA2qnVEF4t31ceLkiTbK,8
HAnYJkPbuc6qWghBO7Ld,8
haOqi2LncMP9VATIrBFZ,8
HareMcE1jJ3WqsOXDopb,8
Hart39NkLlB6RAbq5w7Q,8
hb51AsQJ86yW3C4g2wGu,8
HBq8GsJYNS4Zenkxt1vp,8
hbrnNtGHS4K8QFIy9jd5,8
HbWgYw9MFDceJX7msTR6,8
hC4p1vnRPZlyMtsFVrqe,8
hcwtORMJqx6kPiQzVjbX,8
HcZqh15GQi8J7g9WvUDp,8
hDkmuNtMpaExYj2VFd36,8
hF0wbPOp7asyZTzNCqrD,8
HfMdBXIbuSaZxGT5W4h1,8
HFmO61wz0XELgktWIaRl,8
HG36dvEWlMhRoN9mwyZB,8
HgcNkyo38ZnXM5ePvLQT,8
hGrRVejLFzNtXcBW6s2p,8
HhDF2X8OmRbwZjBVQPxC,8
hIDK0p1PAiJdL87CzG69,8
hifCEvXHwd8QWazZ3KPo,8
hj0ZHlDCLXgT5FOrzk1i,8
Hj2pF8w3JTWSthbkK5Mx,8
hjdkwfeHXnWoUsJPY2y3,8
hjI9pimf05cxRBaKw18s,8
HJPDtkT9Qv63BiG810AM,8
HJt1Mc578nYFBDdKNkVu,8
HKb0OCLUMnZwxI3o6fGi,8
HLpXtJWqcKPYl3bdQzEG,8
HLqwFIxJdXODg4pQm5Wu,8
Hlx3YEyNSbCWaBVroRiK,8
HmNZrjpJtMXGi9xS6ukW,8
hnNb723ujRBlLTp05r94,8
HNpYIJlrkg9oMPc2b3C8,8
hnSlVLa5IfiuctNwsmOd,8
HNtYGxKfFUOLmZDIJpsn,8
HnZ5MNaCpu0k7d3vPwfE,8
hoTWF75dP83ylkMLAtSQ,8
hOuU4H27YSEGojD8aBQ6,8
HOxsvV5gKWhCm9FqDb1r,8
hp3xRaSc8JFL0NqIXBOP,8
hP6lGov9R0eVci5QyuYS,8
hQHmEatGNbUWysPJ2TKe,8
Hquc0fQsa6RVd3eDJOPv,8
HqX48iTlfj6goR3JFWwG,8
hS1lyzcapZusPmKUv34W,8
HS5pR6yKE9OfDvUu2toW,8
HSeCYbTOxjRn3y2XPAvf,8
hsJmrAIKloWuP9YnOBS5,8
hsopEiH3WtQcLxwGjNy8,8
hsRZLrea4Yk76V8SQlq9,8
hStvL36JYZfqk1XWr2dN,8
hsU2gaFmPKli7CzWdqtj,8
HSyB6uiIDacmkpwsG9Jh,8
HtlDexkruVqzoW5aGpIv,8
Hu9pJxZ8iDTOElkA1ghf,8
HucyfJVMikNI4eTPCd52,8
hURnIpZK4frFmclgGCeJ,8
hvnbNWILJC0gj57wy8KM,8
HVZBvsWOFIJhr0qNn18Q,8
HweGIBg6YCTVOnNvak0F,8
hwekzyp1YmGI3joFdLaP,8
HWSeXqDjk4pg61FyBTPC,8
HWYcw6mKFXI9ABCz5LPE,8
HXoz2NOQtTgJ04RsL5ME,8
Hy8L53hUREkZMs1PnlSY,8
HyAR3BXGISmoYQ7J9CLF,8
hYlgvVbMI89qP1jruyxQ,8
hzH5vLburkG8simTIaeq,8
HzjUnQe2LAZmiT6EhGgo,8
HzP3pTQ57cAULx6d0k91,8
Hzp7ZcoRLDXWSdqvP5kY,8
I2LpvgJMuBOXGjYyHeV9,8
I2Rtqw5TSvPfYjFkXGKr,8
i4QEaV7rJNZewSBsHjYb,8
I5JmqLczQG4Or2tvaejb,8
i8LcqhIaNp4X3Jd0vV1P,8
I8vgEN7OXoeaSCf3rd0h,8
I9Fsn3j0vud75iUrtycq,8
IaqnMmr52yzNTpdl9bvi,8
ib2RUqwWKhyVAlD7SOGu,8
ib3WANySVt0l5nBkhELD,8
Ib5eiMc7tNOUylwFBLvx,8
ibfQ0Ms6FPkLSJdvEzW1,8
iCdKNhpAybeBvY3lowZq,8
IclMG0JOehWLQzYdwjf2,8
ICN243AbS8mrtuoY0EOH,8
icsloypKnkj2BH9dMa5f,8
ICzfysQ1KoXG0A4lJRkS,8
IdgVGZmcO08sl6Ai9bEf,8
idNxFM4agPHCkKzbr2Zh,8
IdyaQv1LrRA9cSM5PX7j,8
Ie0N6f1waoAFpLimyJB8,8
Iec3SYD4Gimhob1xQ7sV,8
IeNRm6SYBKxiWPsETau4,8
iFBGbfdVOylxsNM2LRm6,8
Ifd4E12wpGgAOY8PLsmJ,8
IFfDHk84oQVNtCivPThK,8
IFGzJ3dxjPurAUXKwpgl,8
IfP1BbnUAq2upStjrwQ3,8
ifUhxpyIT6wVsHcGj7JL,8
ifUj19ONxy3D72bKTWzY,8
iGaW9vzZUxsODf2bud6n,8
igwzbq8sOkK3TR7A2Pj4,8
iH5f4orQv0Z3xAlIsbWh,8
IH9bfmpC1AVLUki7YhPT,8
IhpoPiWnbSOFU9Hq7Y5l,8
iIPzvDjcCXwE1y6ZFNen,8
iIrHW0e2tNX9DQL5vh1p,8
iIZJnOKvCosaLkdjzVuc,8
IjoyeRsfBXW3bOUDMArL,8
IJP4m1KraznpiCAh5OcD,8
iK503zvsIBnMQAwmgHux,8
IkFwMHPbmDB0VvxEWOGX,8
Ikm7ZVy3DBPx0OLMv1tQ,8
Ikpcu3oClJwGKQMdztrb,8
Il2aohvFwitH5SK4xYJn,8
ilEPJ7GwKoDNnLH0mkeQ,8
Ilg6Pw8fjZamFTKNoVY3,8
imhqyk5ONHACxZDUKlu4,8
ImYuWLtgbiXwRf70oAaD,8
ioEn2sGfdQ0z87DKeF4B,8
iOIdv3emQfZN5jS9XFAu,8
iolu9ByjK2EdJUXq053t,8
iowRTFnvHWejpr4aU3b5,8
Ip4S0Gj1kNsyRExh6J5o,8
IPje1H0qXdvBof8mp6Rw,8
IPtWyJAjkcHm1dgaQr7f,8
iQ2sjWu1867hVrJ4wKoy,8
IqHpKbSLQ1J98m5sOxyt,8
iQWgy9NUjVlnaJrCG4MT,8
iRolW7mEntScOG1kw6bF,8
IRp87lKaGeXTkBtJS6ji,8
iSUhzuAXpcy1ofT7xW0d,8
ItmNdeBTS2CuiGF8WEjP,8
iu15WrfBX9psnSIYFhvz,8
IuAnZRqFaMl5eYbPwXvz,8
IuCwONbnrsUq8PVpay1F,8
IUhoJuZ2y0iWz7sPx1cb,8
iUQAHhE3TKRjagWtFdJk,8
IuXvyBcm6zkGDM3KUiCZ,8
iuyCt7MlKpBzRVrwveNq,8
IvoXQpraDg5ieKAJFmEL,8
IVQkUgrW24Bmbtfvwqo7,8
IVrnLsEJ42W8iqv15MFD,8
IweQoKz4HxGc8mAETNpM,8
IWxSEHjOyLRcPBdgCb3z,8
iWXubQ6nP23yTYH4lJxk,8
iYEh1qlTSkCorw8bUnt7,8
iYRmKWHhed3jLEnZ1tTG,8
iz2hCIvZncJ9jDUY7MXq,8
iz4u6S0COBGKeUkcjrHa,8
IZeQVP4mMEwxvrzfUd6R,8
izRtJ6ELUuCPWAxB9ZOs,8
j013oneKzBOVyiMHGa6q,8
j1bM0nfqksmQ3X5epgau,8
J1zmeTF3CMp0Zoh6PjvA,8
J28v1KMGkc67ElQw4e0y,8
J2cN9YjVQAUdfMzGRnBw,8
j3A6ObUBPWgX7Qf2wo8s,8
j41ax2XCnwqvWozGOPU9,8
j5COuQxrFWbLotqA3GE7,8
j7z5IJT2XyD6lGASxcei,8
J8BlM3NXxq4LzIsrGVPD,8
J8EvIQbVSYOXxKC4wgd5,8
jbFcZuLt8zmiJQAORP0p,8
jCyKgqf4SF3UD1HIYJBO,8
JD21YPXin4hOUcCjs39r,8
jDUlGX1nR7eadfkBEoLx,8
jdUNHTV5DrnJSZqW2MPp,8
jEANkOKRWMIL6wDP4elt,8
Jfu93PoWxGywDBjl0A5I,8
JFWPGhyoASRaxQ4Tb0md,8
JGaqTC0sRIciH5n3kDUX,8
JgBfH0iAzTC5L2jIcnmb,8
JGhXSB2Hu4sQKbMVlkv9,8
JgtDMQ8WuhPiFxBnalL5,8
jHEwUGnCVyvB8oguAseJ,8
JHw78Zjm5qPh6iG0SDXz,8
JiS9zt40D5u1xFqckbUO,8
JISwfuZgpX0PHTceqGCA,8
JIy6ZgaGtHBAmv2krdKx,8
JjVdHRbNxKSQDWpz3L0e,8
jK9SZWNRLUAhvt8o5Ycx,8
jkLxyFGoPuX2TQm3fYDg,8
JkUWTvNE57wOsdYbxy9X,8
JLGnIyg7olZ9MpdN8wmj,8
jMAU1E9sFQl8JrTq3xeP,8
JMdwHZWNibQcFoSPG0sO,8
JMNi0s1eEKFpV85LZkrT,8
JN6fQoCvEeImVXjk5usc,8
jnuV4HifAv2PR9wkZq8Y,8
jNUWxT9ZE3AzQHJcflRg,8
jP3pSWqTDOEnCcgH7d0w,8
JpcD0eAoxQPE2NVlLd4w,8
jQtFBuMp4SDwin6lPrGx,8
JrsqMWaubVkZ3vj9himO,8
jRtAmhHUTa3Gud5E07vf,8
jSMI8XxFJhHAWa15GozR,8
JsNlyIfVSCr94oA07Wxw,8
jsWqfHZe5rIdb4QgA6V0,8
JSxm4ulB0DOcHZKvkgT8,8
Jt9n0B4wTIpYCAko1ZQE,8
jta5QoJ6BOMDnvhIu2Uq,8
JTBs86W3jgorMUAclIvF,8
jtYbD4hFRPECf6VL09ol,8
juBfkEG36LCnM41bOwKl,8
JufSg9mpGi1dVZ0C7zWA,8
jULaFyfMxw9nPWX6uK12,8
juPCJRHOoLngNAvBZ7xl,8
JV6Qew1hoIUYF7uiCz4L,8
JVSdyxfAB2Y3KT4ZihCk,8
JWczYA5Isj7MdnQhq2Lv,8
JWDgn4ehCdSx3HcoVPfr,8
jWNEnHAV6QLM9bTPeFyS,8
jwOH9vMbCimpZGrQdYPq,8
JwsCip5tZlRhk9ga1KB3,8
JXbBkuvnYF1tCANOlZy6,8
jxgaANiB20rR4UuSveCs,8
JXnFkjMV91yufWa0Us4N,8
JxpDzd4WRgL6onNalSky,8
Jy0NTuqFlpx6LnhIXWK4,8
JyL9KH05sfl1FqZEmuRk,8
jyTeVvz3dUCLuwgAtlEO,8
JytOpUNjThR5knZgifGQ,8
jzgSsMvr4QtI5i2LaNlJ,8
jzUS0Eu9OKTVZFRY7Xny,8
k1fUSL4R0yqnAoEdQvlD,8
K1TBRacdPrvqOXCjDw2J,8
K3DsAmcCyTIbdnNojLwM,8
k4tKCVH9XwxuyieA2cG3,8
K4vZyugzc65PshJSG7R1,8
K5g1aRrQn3tXvPbLGpMS,8
k5hNijdJSezp4M8gF10Q,8
K6iRbvqZrJ5h3C4x0mMT,8
k6lGB2z9JmIVMAnsKZvP,8
K7AwxRfWPnc3hzXLatQE,8
k8eJUjLvbnw0NCI4Ttu2,8
K93H4bimO5rlYB2fuxMk,8
k9LJAopKrhzt8H3iIDuf,8
k9sOCztPGbh8YUJlgvMy,8
kaFo8nP3JeGOmEX0Kwgb,8
KaReWbZLT9Uq8Qr7yuHY,8
kBdDKj9W1rQPpoHmetaG,8
kbiU1Na2Kx7Cm6sovIBy,8
kbL7DnYzATVpahrefqxo,8
kcAwuM18pnvfbgIos570,8
KCJpmMH7aG4c3T0eEdxQ,8
Kd1CHyERprf9NTQMlsWL,8
KD2jHtg0IGAX46qF8PU5,8
KdG3TXzutgb5hkYn0Bxs,8
KDMqVc9yIEfmB2A7slz1,8
KFYnyE4UWaiw9d5vDbGN,8
kFyYOLBqi72sHKA08vDm,8
kGf3NUtFcq2wCSD0Yeuz,8
KgmqlyANSkOdji1atJC7,8
kGOH7PtQCVpY0JLKXUvj,8
KGTOj6HAvNqWUcP27bCf,8
kh9aIv34TxX0DGRFVAKf,8
kHN85Ynyi1daeoqwftmu,8
KHQJDZ7toAnaeLSifmIv,8
kibI1AEKzjurmh8MlGgZ,8
KIdHiQmorRG90vEcnbp7,8
KIlRar2dkuxMY61yTwhZ,8
kISMDrwt2uQCPOmZLKHE,8
KivjcOQFy2PmDhodWJxC,8
KjCWoeYX36Z0SEzTkiqQ,8
KLaDWc2xvMJOdo87b9Zf,8
kLMHFv8hXS0atbDf7nGY,8
KlPzTYwJf3HuA0Ftnd5b,8
kmeiX6z4OhLcWACuJF9b,8
KNgWvxRr1p8qEfdlsLYM,8
FqTWKtxrajb3lBHNcz8S,9
FQv250xqPrBlk1sSToYE,9
friQmXP9g6D5AvOasLUT,9
FRzN6ZiS5KU3Iyql2sc7,9
fsJt14QZIWVFvumNgnki,9
fSKhw5b8DrsdRcouPZ9x,9
FSqi0ZaPveb5jMxtBcfs,9
fT4RC3LwYxDib5K1EOX6,9
ftboX4CmgIYJ3UTpAqS7,9
fU4l7Lc8jnyxRewu1okV,9
fvbowPJXxAKQsVt7MiRL,9
FvDlfHR4NkS7EYZrOTCg,9
FvEJe7LOjwDranG2tcf9,9
fVOvT0rd2otz9GKZBX1F,9
fVWAtl7QsixdmThDBu4C,9
FWhXBxORyrDzpVAg4lTj,9
Fwq4K7L2j3RaxGmScdVW,9
FWurwNEfVxvT43HbLyid,9
Fx7qZU0yclOobRHp21kN,9
fXPaL8v6bgNqRIcn1BZO,9
FymVrLMSdXp8OGYjIbav,9
fYPiBmrFC1NuG3MU0Wvo,9
FZhGnySKIx4prT8YmNWR,9
FZvUGP4zqElnDcbwA65N,9
g0SLz2IJ8G4tQpbqsFrv,9
g1639t4hNmJ8DWwBO5cA,9
g1lGzN3S8fPhx96QVbE7,9
g2bUtO0hW3SnQvzClReE,9
g46jFCHzY1oqtws0yxO5,9
G5dlzsYqu8TkDrxUpXmS,9
G5s0wMUhuWJi1ckDSzn4,9
g6YuB4D2RCwjUHmW31GZ,9
g9MVAiYzLpkEl81buc4W,9
g9X5q6kEmFb1H3Z2ydPe,9
ga8SoXu32EKGZM7vNnAp,9
gak4Zc3ztRCB7NDUIXh5,9
gAyPsqEjndt4xoGc2J9Z,9
GbgDPpJ7jy6Y9ncTOwA1,9
gBUSDYdZqJMGCQuzWTrX,9
gCsQ8mXFHB36S5Ltrhpw,9
gd6OJCrEmvwkUTHZpn8F,9
GD7JUv1IfRuHpneMKaYc,9
gDmLXUe9RiC31cxBN7Vy,9
gDYeNAplMujwPtU0qnJW,9
GelYcRgt4jkmTw0iKDQW,9
GFblksovaPYLI5XeC8RU,9
gflVXx947YuhyPKmJUG5,9
gGfFjZ8Xab24eQ6zADN1,9
GgmARFo3WxUZ0KzuCM15,9
gGrBPR4c8KkNWHuA61UY,9
ghP9Fz6SMXUvwxLjQrIq,9
GhqXt1KSQAj7D4oL3OVY,9
gj9NIhpdqRb8UcnEeM6P,9
gJspjOHk7zXSGMB2Y5Tm,9
GkA3vhfoHbwdeKPBl4ZR,9
GKL3rD2YSf9xiXIPzeb6,9
GkQctIpwN58dSs4O7UhY,9
GlBR2jy6Nx1HUEag5ISm,9
GlHSULc9O3qh8zmPpBuJ,9
gLmvzTR3BJhWD9kaw0nA,9
glvVJTocrt1M7ZpKI8ju,9
GLW9Re0OVAhCr4TUqkZD,9
gm6EuQ9WT1AbsPJOSnKc,9
GNHUoTAd3etcxL1M0WbS,9
gNHXp32DAWxm8vJbChnq,9
GnrpzMJVYoBSjgRAae8Q,9
GOEKlWF9DoZ7Y13rJ8ia,9
goHJKbBCkNIqzsih6Zpx,9
GolUKPReSvZL6pHkM14t,9
GOmnSkldHD5ABFoNX7Jz,9
GPAypQZ0LH7rD1safnMI,9
gPLn7w2aJz05DbrjfFVx,9
gPrRmh5MjtBE3Io7pz0e,9
GpslYfT8v4PVtUNKrR0I,9
gq1T5uf3MyIdtU0HsN9a,9
GqB39IgmebAiT5OrNf1o,9
GQh8kxUDtRVwzEP0Wvfs,9
GQpTRMvrez5Z2hqykUwJ,9
gQuxjNVCZOb7Jn6c24kw,9
GRXZaphsokTrql4u2xMd,9
GsMCWkKc5LE3PxYhUFnt,9
gSz13hKvMnYtFL8Tj6ey,9
gtsQZdU0r159I68nfBjL,9
gutpXNfdSFbzG9wB7KM1,9
GWQYvtI8a2rouyEOPcHb,9
GxlJVp3SyrY5vKOd9QgR,9
GxtBdWrs8kcv9j7T4eiy,9
gXZ5G3kB0dTV7UbEpR29,9
gyqaKWGEz18V2N73swJu,9
Gysrvz2mYQ9KOtJHP4T3,9
gYwxOvVuz0yP4SHBkeaL,9
GYz7KAZtw21lqC9bHP3T,9
gYZueKo9wDtQ4FRbB2lf,9
gzpYy61CS5aDhJdOnHMN,9
h08Yo3NOLxdpHgMG5zB6,9
H0evJ1QxsltOCmkDaTGr,9
h0gOfNZV927YLpjo1xqu,9
h0RSAT7iEZH4lOQv3NtW,9
H1yNEYo4ZLxmKklg2Mnz,9
h2ygf7Vv1zkIe6q5lTnZ,9
h4BSMuatm2gwqDs8dLJk,9
h58VsWF3CjNwgxZenm7l,9
H753kdOg6fvyzQLJlFbK,9
H75RL96JxmMEfBvbe2jk,9
h8a31y9YAc5CUsT6JISG,9
H9VJ5DiCrbTFq7k0sfGN,9
HaOw84bYfkn2yxpiRFPM,9
hb3oRrAFfdq5VnBDjsL0,9
hbdQuIOsxgM4iLNlGTpn,9
HCGEdW14Kze8xNpaPXqU,9
hCozU2T0mep6nNkABStf,9
hcug1H8Rw6ZJ2sOITmnG,9
Hd2RSo5Vklez7KAWpaF1,9
hEetyRmw4z6TGj23791i,9
HemlRJ8bucNG4vFDVgK5,9
hFAlObnD1iHQTdgMGBY2,9
Hfo6yVm1zvZaYlTeG59b,9
HFyT4lU2KtEZfXP3xYV6,9
hGD0efK53nrvzcdx42tY,9
hgjwNAdHsBlEU3QZLbWC,9
HgoVMZFR7racUO2EA4tI,9
HhFctSgYNdwyDxKLnAJC,9
hHMbnm8juIizgTR7LAWC,9
HhyutfnaJMeAN5wEsZOg,9
hIkK1vBdj9fDJPcUWzA8,9
HImsZwGROPQ91kTiUrWe,9
HiOWw8CRpay9fEM63KLs,9
hIUwCzSGPn31WrRA0y4Q,9
hJAuWl3aGKLbRz0gtiSe,9
HjmLyYDIq3XkSU5tCaV8,9
HK1vV67pXhj92CRroAYm,9
HKFhlIpNTqUuGe7E6VtB,9
HkMSwlB8a963ROnPtihu,9
Hl3iXz1IhS69DCANfRVT,9
hl5wNixcfnCgEjp324sT,9
hLfB8arbs4nmcx6tPAJz,9
hmMISGQjc97JwvlXixWT,9
hmY7rw8RQvMxGI6UOptX,9
HNApyaXk5rm6g1tDcnoj,9
HNaWLdV5YIytUe0pFXCA,9
Hov1QtF67wa9ELyuJmnS,9
hpKeXGQLyJzdtmO9u1MR,9
hq3SpsO8yDUYoPJilgLr,9
hQnAcOfHYisDkINaod7L,9
HQsxB8eSMlgV9zIPtvWC,9
hU9dnkVNuPCJbLysXlzp,9
HvLeFD0ARQ8bmGzcgaP6,9
hWxgEPKIclqL97uVA2m4,9
hwZX9Eiumyqjdt06xrkF,9
hxza7D1ItdKu3bNUXRly,9
hYs7QuD49gNVbiWemnlz,9
HYtGu34oz0UImZWDRqar,9
HYXoC7FRisqWgwP0EjLK,9
HZI8SimVhNLz1JD5fbyW,9
I0aTJkCwgMY8P6h9vWSt,9
i0gZtoAOmxsID4cKHaul,9
I0tk2asbMQNo9G8Bw6Sr,9
I0wz6TmBL92MSGgxUboV,9
I1eauWn7x5lPLR2rQoF8,9
i2Jkh6cyaOwnjltg5VN8,9
i6cJmVgCYbTHzLMjEO15,9
I6zeNMZCJ1mQYcKgO8kf,9
i8r3tlV05JwDWgYuAXdc,9
I9SRFlHMaNkpDmfjEsc0,9
IbALBFiNrcgEW0h3Ow9k,9
IBenwH2i7GYhgyKVt9Q0,9
IbEo9xn38UJfk6R72XYq,9
icRPzo1apvBleNOfSXq2,9
idMAYlL4VTpuk9cC8IjW,9
idTa1lDvrZk38BJOLV96,9
iDx4TemwdyfNER52l0Mn,9
iFG7jwNOmPvgckQVdf0p,9
iFo3vjktnyErwcb76DAK,9
IFRGbmc7WwDiHNtvC1pU,9
Ig1i5EH0LuGCcQpZPmBR,9
iGC35Aeux0zc6s8QOKfP,9
IGdmzs15LgubiAjXWfBR,9
iGeOZD9thLqWJjBTwcmb,9
IgwEeaAG0iZjLbVQz2n4,9
IGX67kgpuNz8JD4Ciwd2,9
iH0WPl3gvIBwexmry2ES,9
IhRZjKUCrAsfvkJQcyuB,9
iHZnpXNuLTUQtElFz3jr,9
IJlXen24jGWi0wAdY9QS,9
IJr6lPZBdNCgUGakjMYc,9
ijsudn60LwGlgaIJYV5S,9
ikNI3YPuFznBR1ydWDK5,9
iknpx8RDfJdFmIcQGzha,9
IkzqRMZW71YALpX6VtCf,9
iLj1Bfr4dYOp5RsoZmk8,9
imns4fDL9QbS7y6Ohwac,9
inC4uW6VxpDb3TtN5jQH,9
IncSU1t5HBKZW9j476pX,9
iOgu76c1IdGrQeRDTlPw,9
iOoB2uvIKDkrHS0Ewdte,9
IOPgsKcr8nwu3kaW5HUM,9
IopqlNQASCdjT8eOWRHw,9
iouyxgUJX7pjI1LBTSDF,9
iPFa4r6moSNthpqB2RDV,9
iPqeOav3fHD2VJrt9GoE,9
iPtRTr5EZ4bQljzKXYcJ,9
IR9X4vYJ6OkpueVC5gN7,9
IrD2NqBzMT4euJQbXyv0,9
IRvabWSMkDe8pxXVLOrh,9
IsvGOaEpYKnrlqAbkRZz,9
itDk014ZYvsbGMfdR2cH,9
ItHfy5k2V6T9MNLs83ae,9
itPKjAZNemORVxF5ul9c,9
iugDTFftkUxZAWcBwCYI,9
IUVTHk0fbcLtrx91MeRh,9
iveb4LBTZR0ofd7SqVlP,9
iVR4woCP02d89KLaXTm3,9
iVXI84d0vYqOcLArnTtm,9
IWwBaxyoTQbklN6CDG3h,9
ixblgAhzj1nEso30pr5V,9
iXZ3voSbundaAjCJl9Ue,9
Iy6lQgsbZ9q0tfrT1hMe,9
IyC7QefoEahdAmqDN5b9,9
izAB3JHdROIwy8UmKbY1,9
izS2yBV3Z4nKch5OmAuo,9
j0pIG349TtMiXgkH2bnF,9
J1LCS4Foa2jbAOYGWQhz,9
j2Ovf5KQNuceaI0yliHs,9
j514c8CPoS9fIyKmnOaH,9
j5q9Z8uCLzcFGHpA7l4x,9
J8BKYxOaonACvqH5GT7m,9
J9EgXeHbB5VaD23i7rhN,9
JaQjr806qALIHS2MDZyf,9
jASo6C54kaZUxit0egTL,9
JAvZf2EF7UHC6OKL81Gm,9
JaxoikOjnRvIHFAzBMUD,9
jBbO9vIsVMT21nl7megH,9
JBGVawO7uqtxM103PbNy,9
jbkwtqSZ6HavpN7Rr8el,9
JBVExGsfH4oybvK92pPg,9
JBXrCHbwSvZ9c5y067Ol,9
jCXhwVO4ZdNqA9fHauDM,9
jEVAIFWvTw1hu3yrizUa,9
jF8Qxdo3MyVEc9l6O2B1,9
JfW6FM47u1otlOYUdwbH,9
JgoL72E0WlXhmFHD5cxp,9
JGpFMd5bZlkQ18fxNcwn,9
jGqYz9DaFMOWUlSwJBge,9
Jgs4hRrYEy71SbtAfWwN,9
JinokfgIrdpe8t1aTVmy,9
JiSOgRmtv7I25DcolYBV,9
JiUyEfTOm6oasXKj7p1G,9
JIZ5Dg8xYLrfBPUeclHs,9
Jj7eK6AhkmDRB53WSO4P,9
Jkp4jA821MuFmbZU6xRr,9
jKs2xGwT7nCOQ5hYraFU,9
jKT8GepvlOVC72PYzWXF,9
JlD2LoRumXEViyUT71PF,9
JlhVH357f6XkT2EsP4DO,9
JLS67VuPi0hyto3e5g8w,9
jlSnNDwm6Arby4cQv0ox,9
JlYNWgvo2LCkQRV8d74u,9
JM34WTehCb9VuiQEgr7K,9
jmIbaRlXMCkYHt5p4wos,9
JNEaK80h4meUkGLnzsox,9
JNGf3qzH2oLvBXDSM6Fp,9
JonIk6ScNpZM7WgFzm1D,9
jOPwcHh7kyFaB4Yv8SMU,9
joRneCOYruqN4kVb8EKy,9
jpuZmMoSd7h9rInsUy8c,9
JQHf0c52agNmervIpCkT,9
JqRujNbmhKvsxnfrTPwI,9
jQTW2ckwXNIaeAPMftm8,9
jQyRwClgJHiOnr5IZ4cF,9
jruhTVpPOJAywFSdmcs5,9
JSENO0RduDWZzG3lHcey,9
JsTBaYEw5hQAC8kzcUMx,9
JSYxG6FyPnqQzEp73B9e,9
JTahAZvbOyoMYkfCjic7,9
jTgF9SKzb8qxdsC6NnmY,9
JUCpOmLGibKr7gdPHfhj,9
JudsxDwAcT2XRjZkC7Yv,9
jvdbriZknaRP9emq2Lp0,9
jVEk2G0fyQUiNWbxAzch,9
JVPnwpfeExcNDt2ZTAQm,9
jwgxPFMNGtXKTYkio0rI,9
JwYGzbH8uaAhnTiFIEWv,9
JwzA3tXdgc7eNYxjCy5L,9
JyBvMAZbhIprolF8HNe6,9
JyExpTqVMmeA2wH0FbkY,9
jZfoAgI4BUzQne1lY5hP,9
jztINZ6PGKThubQ78fWk,9
JZX2B0zdS7MAVmjLUkx6,9
k1fj8xVnJ5vWaT2dUsoC,9
K4jGPJV6DUu7Xq1eFdrB,9
k6Mnj2POrsKEqVxeNJAu,9
K70AVwRbXjTFZv9g463D,9
K73w4anvIFEZi96dxtA5,9
K7HTMuk6fo2wrhyWxY43,9
k8qrhNTAG54fSl6jDtVa,9
K94VFOcjXG0dUkDtMln3,9
kAtomObScfxVW1DKXUla,9
kchO8uQA9Me4H3jZTSgm,9
KF7NGoQSk8v9OE0nrwy2,9
KFrZ0Lop1WDGwUtkusCi,9
kg24YRJTB8DNdKMXpwOH,9
kG29BLiFYPgWtpb350sO,9
kGITL4OJxYMWEQ1bKBiP,9
KGorN9J6XAC4bOEkmyup,9
